
> agentweaver@0.31.0 docs:build
> npm --prefix docs run build


> agentweaver-docs@0.0.0 build
> vitepress build .


  [32m[1mvitepress[22m v1.6.4[39m

- building client + server bundles...

The language 'promql' is not loaded, falling back to 'txt' for syntax highlighting.
node_modules/@fluentui/react-icons/lib/icons/chunk-2.js (1:0): Module level directives cause errors when bundled, "use client" in "node_modules/@fluentui/react-icons/lib/icons/chunk-2.js" was ignored.
node_modules/@fluentui/react-icons/lib/icons/chunk-5.js (1:0): Module level directives cause errors when bundled, "use client" in "node_modules/@fluentui/react-icons/lib/icons/chunk-5.js" was ignored.
node_modules/@xyflow/react/dist/esm/index.js (1:0): Module level directives cause errors when bundled, "use client" in "node_modules/@xyflow/react/dist/esm/index.js" was ignored.
node_modules/@fluentui/react-icons/lib/icons/chunk-7.js (1:0): Module level directives cause errors when bundled, "use client" in "node_modules/@fluentui/react-icons/lib/icons/chunk-7.js" was ignored.
node_modules/@fluentui/react-icons/lib/icons/chunk-6.js (1:0): Module level directives cause errors when bundled, "use client" in "node_modules/@fluentui/react-icons/lib/icons/chunk-6.js" was ignored.
node_modules/@fluentui/react-icons/lib/icons/chunk-8.js (1:0): Module level directives cause errors when bundled, "use client" in "node_modules/@fluentui/react-icons/lib/icons/chunk-8.js" was ignored.
node_modules/@fluentui/react-icons/lib/icons/chunk-9.js (1:0): Module level directives cause errors when bundled, "use client" in "node_modules/@fluentui/react-icons/lib/icons/chunk-9.js" was ignored.
node_modules/@fluentui/react-icons/lib/icons/chunk-0.js (1:0): Module level directives cause errors when bundled, "use client" in "node_modules/@fluentui/react-icons/lib/icons/chunk-0.js" was ignored.
node_modules/@fluentui/react-icons/lib/icons/chunk-10.js (1:0): Module level directives cause errors when bundled, "use client" in "node_modules/@fluentui/react-icons/lib/icons/chunk-10.js" was ignored.
node_modules/@fluentui/react-icons/lib/icons/chunk-12.js (1:0): Module level directives cause errors when bundled, "use client" in "node_modules/@fluentui/react-icons/lib/icons/chunk-12.js" was ignored.
node_modules/@fluentui/react-icons/lib/icons/chunk-3.js (1:0): Module level directives cause errors when bundled, "use client" in "node_modules/@fluentui/react-icons/lib/icons/chunk-3.js" was ignored.
node_modules/@fluentui/react-icons/lib/icons/chunk-14.js (1:0): Module level directives cause errors when bundled, "use client" in "node_modules/@fluentui/react-icons/lib/icons/chunk-14.js" was ignored.
node_modules/@fluentui/react-icons/lib/icons/chunk-15.js (1:0): Module level directives cause errors when bundled, "use client" in "node_modules/@fluentui/react-icons/lib/icons/chunk-15.js" was ignored.
node_modules/@fluentui/react-icons/lib/icons/chunk-1.js (1:0): Module level directives cause errors when bundled, "use client" in "node_modules/@fluentui/react-icons/lib/icons/chunk-1.js" was ignored.
node_modules/@fluentui/react-icons/lib/icons/chunk-13.js (1:0): Module level directives cause errors when bundled, "use client" in "node_modules/@fluentui/react-icons/lib/icons/chunk-13.js" was ignored.
node_modules/@fluentui/react-icons/lib/icons/chunk-4.js (1:0): Module level directives cause errors when bundled, "use client" in "node_modules/@fluentui/react-icons/lib/icons/chunk-4.js" was ignored.
node_modules/@fluentui/react-icons/lib/icons/chunk-16.js (1:0): Module level directives cause errors when bundled, "use client" in "node_modules/@fluentui/react-icons/lib/icons/chunk-16.js" was ignored.
node_modules/@fluentui/react-icons/lib/icons/chunk-11.js (1:0): Module level directives cause errors when bundled, "use client" in "node_modules/@fluentui/react-icons/lib/icons/chunk-11.js" was ignored.
node_modules/@fluentui/react-icons/lib/icons/chunk-19.js (1:0): Module level directives cause errors when bundled, "use client" in "node_modules/@fluentui/react-icons/lib/icons/chunk-19.js" was ignored.
node_modules/@fluentui/react-icons/lib/icons/chunk-17.js (1:0): Module level directives cause errors when bundled, "use client" in "node_modules/@fluentui/react-icons/lib/icons/chunk-17.js" was ignored.
node_modules/@fluentui/react-icons/lib/icons/chunk-20.js (1:0): Module level directives cause errors when bundled, "use client" in "node_modules/@fluentui/react-icons/lib/icons/chunk-20.js" was ignored.
node_modules/@fluentui/react-icons/lib/icons/chunk-18.js (1:0): Module level directives cause errors when bundled, "use client" in "node_modules/@fluentui/react-icons/lib/icons/chunk-18.js" was ignored.
node_modules/@fluentui/react-icons/lib/icons/chunk-21.js (1:0): Module level directives cause errors when bundled, "use client" in "node_modules/@fluentui/react-icons/lib/icons/chunk-21.js" was ignored.
node_modules/@fluentui/react-icons/lib/icons/chunk-25.js (1:0): Module level directives cause errors when bundled, "use client" in "node_modules/@fluentui/react-icons/lib/icons/chunk-25.js" was ignored.
node_modules/@fluentui/react-icons/lib/icons/chunk-23.js (1:0): Module level directives cause errors when bundled, "use client" in "node_modules/@fluentui/react-icons/lib/icons/chunk-23.js" was ignored.
node_modules/@fluentui/react-icons/lib/icons/chunk-24.js (1:0): Module level directives cause errors when bundled, "use client" in "node_modules/@fluentui/react-icons/lib/icons/chunk-24.js" was ignored.
node_modules/@fluentui/react-icons/lib/icons/chunk-22.js (1:0): Module level directives cause errors when bundled, "use client" in "node_modules/@fluentui/react-icons/lib/icons/chunk-22.js" was ignored.
node_modules/@fluentui/react-icons/lib/icons/chunk-26.js (1:0): Module level directives cause errors when bundled, "use client" in "node_modules/@fluentui/react-icons/lib/icons/chunk-26.js" was ignored.
node_modules/@fluentui/react-icons/lib/icons/chunk-28.js (1:0): Module level directives cause errors when bundled, "use client" in "node_modules/@fluentui/react-icons/lib/icons/chunk-28.js" was ignored.
node_modules/@fluentui/react-icons/lib/icons/chunk-29.js (1:0): Module level directives cause errors when bundled, "use client" in "node_modules/@fluentui/react-icons/lib/icons/chunk-29.js" was ignored.
node_modules/@fluentui/react-icons/lib/icons/chunk-27.js (1:0): Module level directives cause errors when bundled, "use client" in "node_modules/@fluentui/react-icons/lib/icons/chunk-27.js" was ignored.
node_modules/@fluentui/react-icons/lib/sizedIcons/chunk-5.js (1:0): Module level directives cause errors when bundled, "use client" in "node_modules/@fluentui/react-icons/lib/sizedIcons/chunk-5.js" was ignored.
node_modules/@fluentui/react-icons/lib/sizedIcons/chunk-1.js (1:0): Module level directives cause errors when bundled, "use client" in "node_modules/@fluentui/react-icons/lib/sizedIcons/chunk-1.js" was ignored.
node_modules/@fluentui/react-icons/lib/sizedIcons/chunk-2.js (1:0): Module level directives cause errors when bundled, "use client" in "node_modules/@fluentui/react-icons/lib/sizedIcons/chunk-2.js" was ignored.
node_modules/@fluentui/react-icons/lib/sizedIcons/chunk-4.js (1:0): Module level directives cause errors when bundled, "use client" in "node_modules/@fluentui/react-icons/lib/sizedIcons/chunk-4.js" was ignored.
node_modules/@fluentui/react-icons/lib/sizedIcons/chunk-7.js (1:0): Module level directives cause errors when bundled, "use client" in "node_modules/@fluentui/react-icons/lib/sizedIcons/chunk-7.js" was ignored.
node_modules/@fluentui/react-icons/lib/sizedIcons/chunk-9.js (1:0): Module level directives cause errors when bundled, "use client" in "node_modules/@fluentui/react-icons/lib/sizedIcons/chunk-9.js" was ignored.
node_modules/@fluentui/react-icons/lib/sizedIcons/chunk-8.js (1:0): Module level directives cause errors when bundled, "use client" in "node_modules/@fluentui/react-icons/lib/sizedIcons/chunk-8.js" was ignored.
node_modules/@fluentui/react-icons/lib/sizedIcons/chunk-12.js (1:0): Module level directives cause errors when bundled, "use client" in "node_modules/@fluentui/react-icons/lib/sizedIcons/chunk-12.js" was ignored.
node_modules/@fluentui/react-icons/lib/sizedIcons/chunk-14.js (1:0): Module level directives cause errors when bundled, "use client" in "node_modules/@fluentui/react-icons/lib/sizedIcons/chunk-14.js" was ignored.
node_modules/@fluentui/react-icons/lib/sizedIcons/chunk-15.js (1:0): Module level directives cause errors when bundled, "use client" in "node_modules/@fluentui/react-icons/lib/sizedIcons/chunk-15.js" was ignored.
node_modules/@fluentui/react-icons/lib/sizedIcons/chunk-13.js (1:0): Module level directives cause errors when bundled, "use client" in "node_modules/@fluentui/react-icons/lib/sizedIcons/chunk-13.js" was ignored.
node_modules/@fluentui/react-icons/lib/sizedIcons/chunk-16.js (1:0): Module level directives cause errors when bundled, "use client" in "node_modules/@fluentui/react-icons/lib/sizedIcons/chunk-16.js" was ignored.
node_modules/@fluentui/react-icons/lib/sizedIcons/chunk-17.js (1:0): Module level directives cause errors when bundled, "use client" in "node_modules/@fluentui/react-icons/lib/sizedIcons/chunk-17.js" was ignored.
node_modules/@fluentui/react-icons/lib/sizedIcons/chunk-20.js (1:0): Module level directives cause errors when bundled, "use client" in "node_modules/@fluentui/react-icons/lib/sizedIcons/chunk-20.js" was ignored.
node_modules/@fluentui/react-icons/lib/sizedIcons/chunk-23.js (1:0): Module level directives cause errors when bundled, "use client" in "node_modules/@fluentui/react-icons/lib/sizedIcons/chunk-23.js" was ignored.
node_modules/@fluentui/react-icons/lib/sizedIcons/chunk-19.js (1:0): Module level directives cause errors when bundled, "use client" in "node_modules/@fluentui/react-icons/lib/sizedIcons/chunk-19.js" was ignored.
node_modules/@fluentui/react-icons/lib/sizedIcons/chunk-25.js (1:0): Module level directives cause errors when bundled, "use client" in "node_modules/@fluentui/react-icons/lib/sizedIcons/chunk-25.js" was ignored.
node_modules/@fluentui/react-icons/lib/sizedIcons/chunk-26.js (1:0): Module level directives cause errors when bundled, "use client" in "node_modules/@fluentui/react-icons/lib/sizedIcons/chunk-26.js" was ignored.
node_modules/@griffel/react/src/index.js (1:0): Module level directives cause errors when bundled, "use client" in "node_modules/@griffel/react/src/index.js" was ignored.
node_modules/@fluentui/react-icons/lib/sizedIcons/chunk-28.js (1:0): Module level directives cause errors when bundled, "use client" in "node_modules/@fluentui/react-icons/lib/sizedIcons/chunk-28.js" was ignored.
node_modules/@fluentui/react-icons/lib/sizedIcons/chunk-29.js (1:0): Module level directives cause errors when bundled, "use client" in "node_modules/@fluentui/react-icons/lib/sizedIcons/chunk-29.js" was ignored.
node_modules/@fluentui/react-icons/lib/sizedIcons/chunk-3.js (1:0): Module level directives cause errors when bundled, "use client" in "node_modules/@fluentui/react-icons/lib/sizedIcons/chunk-3.js" was ignored.
node_modules/@fluentui/react-icons/lib/sizedIcons/chunk-6.js (1:0): Module level directives cause errors when bundled, "use client" in "node_modules/@fluentui/react-icons/lib/sizedIcons/chunk-6.js" was ignored.
node_modules/@fluentui/react-icons/lib/sizedIcons/chunk-11.js (1:0): Module level directives cause errors when bundled, "use client" in "node_modules/@fluentui/react-icons/lib/sizedIcons/chunk-11.js" was ignored.
node_modules/@fluentui/react-icons/lib/sizedIcons/chunk-10.js (1:0): Module level directives cause errors when bundled, "use client" in "node_modules/@fluentui/react-icons/lib/sizedIcons/chunk-10.js" was ignored.
node_modules/@fluentui/react-icons/lib/sizedIcons/chunk-18.js (1:0): Module level directives cause errors when bundled, "use client" in "node_modules/@fluentui/react-icons/lib/sizedIcons/chunk-18.js" was ignored.
node_modules/@fluentui/react-icons/lib/sizedIcons/chunk-21.js (1:0): Module level directives cause errors when bundled, "use client" in "node_modules/@fluentui/react-icons/lib/sizedIcons/chunk-21.js" was ignored.
node_modules/@fluentui/react-icons/lib/sizedIcons/chunk-22.js (1:0): Module level directives cause errors when bundled, "use client" in "node_modules/@fluentui/react-icons/lib/sizedIcons/chunk-22.js" was ignored.
node_modules/@fluentui/react-icons/lib/sizedIcons/chunk-24.js (1:0): Module level directives cause errors when bundled, "use client" in "node_modules/@fluentui/react-icons/lib/sizedIcons/chunk-24.js" was ignored.
node_modules/@fluentui/react-icons/lib/sizedIcons/chunk-27.js (1:0): Module level directives cause errors when bundled, "use client" in "node_modules/@fluentui/react-icons/lib/sizedIcons/chunk-27.js" was ignored.
node_modules/@fluentui/react-icons/lib/sizedIcons/chunk-0.js (1:0): Module level directives cause errors when bundled, "use client" in "node_modules/@fluentui/react-icons/lib/sizedIcons/chunk-0.js" was ignored.
node_modules/@griffel/react/src/TextDirectionContext.js (1:0): Module level directives cause errors when bundled, "use client" in "node_modules/@griffel/react/src/TextDirectionContext.js" was ignored.
node_modules/@griffel/react/src/renderToStyleElements.js (1:0): Module level directives cause errors when bundled, "use client" in "node_modules/@griffel/react/src/renderToStyleElements.js" was ignored.
node_modules/@griffel/react/src/RendererContext.js (1:0): Module level directives cause errors when bundled, "use client" in "node_modules/@griffel/react/src/RendererContext.js" was ignored.
node_modules/@griffel/react/src/__css.js (1:0): Module level directives cause errors when bundled, "use client" in "node_modules/@griffel/react/src/__css.js" was ignored.
node_modules/@griffel/react/src/__resetCSS.js (1:0): Module level directives cause errors when bundled, "use client" in "node_modules/@griffel/react/src/__resetCSS.js" was ignored.
node_modules/@griffel/react/src/__styles.js (1:0): Module level directives cause errors when bundled, "use client" in "node_modules/@griffel/react/src/__styles.js" was ignored.
node_modules/@griffel/react/src/__staticCSS.js (1:0): Module level directives cause errors when bundled, "use client" in "node_modules/@griffel/react/src/__staticCSS.js" was ignored.
node_modules/@griffel/react/src/__resetStyles.js (1:0): Module level directives cause errors when bundled, "use client" in "node_modules/@griffel/react/src/__resetStyles.js" was ignored.
node_modules/@griffel/react/src/__staticStyles.js (1:0): Module level directives cause errors when bundled, "use client" in "node_modules/@griffel/react/src/__staticStyles.js" was ignored.
node_modules/@fluentui/react-shared-contexts/lib/PortalMountNodeContext.js (1:0): Module level directives cause errors when bundled, "use client" in "node_modules/@fluentui/react-shared-contexts/lib/PortalMountNodeContext.js" was ignored.
node_modules/@fluentui/react-accordion/lib/contexts/accordion.js (1:0): Module level directives cause errors when bundled, "use client" in "node_modules/@fluentui/react-accordion/lib/contexts/accordion.js" was ignored.
node_modules/@fluentui/react-accordion/lib/contexts/accordionHeader.js (1:0): Module level directives cause errors when bundled, "use client" in "node_modules/@fluentui/react-accordion/lib/contexts/accordionHeader.js" was ignored.
node_modules/@fluentui/react-accordion/lib/contexts/accordionItem.js (1:0): Module level directives cause errors when bundled, "use client" in "node_modules/@fluentui/react-accordion/lib/contexts/accordionItem.js" was ignored.
node_modules/@fluentui/react-combobox/lib/contexts/ComboboxContext.js (1:0): Module level directives cause errors when bundled, "use client" in "node_modules/@fluentui/react-combobox/lib/contexts/ComboboxContext.js" was ignored.
node_modules/@fluentui/react-combobox/lib/contexts/useComboboxContextValues.js (1:0): Module level directives cause errors when bundled, "use client" in "node_modules/@fluentui/react-combobox/lib/contexts/useComboboxContextValues.js" was ignored.
node_modules/@fluentui/react-combobox/lib/contexts/ListboxContext.js (1:0): Module level directives cause errors when bundled, "use client" in "node_modules/@fluentui/react-combobox/lib/contexts/ListboxContext.js" was ignored.
node_modules/@fluentui/react-combobox/lib/contexts/useListboxContextValues.js (1:0): Module level directives cause errors when bundled, "use client" in "node_modules/@fluentui/react-combobox/lib/contexts/useListboxContextValues.js" was ignored.
node_modules/@fluentui/react-combobox/lib/hooks/useComboboxFilter.js (1:0): Module level directives cause errors when bundled, "use client" in "node_modules/@fluentui/react-combobox/lib/hooks/useComboboxFilter.js" was ignored.
node_modules/@fluentui/react-combobox/lib/utils/useComboboxBaseState.js (1:0): Module level directives cause errors when bundled, "use client" in "node_modules/@fluentui/react-combobox/lib/utils/useComboboxBaseState.js" was ignored.
node_modules/@fluentui/react-combobox/lib/components/Dropdown/useButtonTriggerSlot.js (1:0): Module level directives cause errors when bundled, "use client" in "node_modules/@fluentui/react-combobox/lib/components/Dropdown/useButtonTriggerSlot.js" was ignored.
node_modules/@fluentui/react-combobox/lib/components/Combobox/useInputTriggerSlot.js (1:0): Module level directives cause errors when bundled, "use client" in "node_modules/@fluentui/react-combobox/lib/components/Combobox/useInputTriggerSlot.js" was ignored.
node_modules/@fluentui/react-combobox/lib/utils/useListboxSlot.js (1:0): Module level directives cause errors when bundled, "use client" in "node_modules/@fluentui/react-combobox/lib/utils/useListboxSlot.js" was ignored.
node_modules/@fluentui/react-popover/lib/popoverContext.js (1:0): Module level directives cause errors when bundled, "use client" in "node_modules/@fluentui/react-popover/lib/popoverContext.js" was ignored.
node_modules/@fluentui/react-menu/lib/contexts/menuContext.js (1:0): Module level directives cause errors when bundled, "use client" in "node_modules/@fluentui/react-menu/lib/contexts/menuContext.js" was ignored.
node_modules/@fluentui/react-menu/lib/contexts/menuTriggerContext.js (1:0): Module level directives cause errors when bundled, "use client" in "node_modules/@fluentui/react-menu/lib/contexts/menuTriggerContext.js" was ignored.
node_modules/@fluentui/react-menu/lib/contexts/menuGroupContext.js (1:0): Module level directives cause errors when bundled, "use client" in "node_modules/@fluentui/react-menu/lib/contexts/menuGroupContext.js" was ignored.
node_modules/@fluentui/react-menu/lib/contexts/menuListContext.js (1:0): Module level directives cause errors when bundled, "use client" in "node_modules/@fluentui/react-menu/lib/contexts/menuListContext.js" was ignored.
node_modules/@fluentui/react-positioning/lib/usePositioningSlideDirection.js (1:0): Module level directives cause errors when bundled, "use client" in "node_modules/@fluentui/react-positioning/lib/usePositioningSlideDirection.js" was ignored.
node_modules/@fluentui/react-positioning/lib/PositioningConfigurationContext.js (1:0): Module level directives cause errors when bundled, "use client" in "node_modules/@fluentui/react-positioning/lib/PositioningConfigurationContext.js" was ignored.
node_modules/@fluentui/react-positioning/lib/hooks/useSafeZoneArea/useSafeZoneArea.js (1:0): Module level directives cause errors when bundled, "use client" in "node_modules/@fluentui/react-positioning/lib/hooks/useSafeZoneArea/useSafeZoneArea.js" was ignored.
node_modules/@fluentui/react-overflow/lib/useOverflowContainer.js (1:0): Module level directives cause errors when bundled, "use client" in "node_modules/@fluentui/react-overflow/lib/useOverflowContainer.js" was ignored.
node_modules/@fluentui/react-overflow/lib/components/Overflow.js (1:0): Module level directives cause errors when bundled, "use client" in "node_modules/@fluentui/react-overflow/lib/components/Overflow.js" was ignored.
node_modules/@fluentui/react-overflow/lib/useOverflowCount.js (1:0): Module level directives cause errors when bundled, "use client" in "node_modules/@fluentui/react-overflow/lib/useOverflowCount.js" was ignored.
node_modules/@fluentui/react-overflow/lib/useIsOverflowItemVisible.js (1:0): Module level directives cause errors when bundled, "use client" in "node_modules/@fluentui/react-overflow/lib/useIsOverflowItemVisible.js" was ignored.
node_modules/@fluentui/react-overflow/lib/useIsOverflowGroupVisible.js (1:0): Module level directives cause errors when bundled, "use client" in "node_modules/@fluentui/react-overflow/lib/useIsOverflowGroupVisible.js" was ignored.
node_modules/@fluentui/react-overflow/lib/useOverflowMenu.js (1:0): Module level directives cause errors when bundled, "use client" in "node_modules/@fluentui/react-overflow/lib/useOverflowMenu.js" was ignored.
node_modules/@fluentui/react-overflow/lib/useOverflowDivider.js (1:0): Module level directives cause errors when bundled, "use client" in "node_modules/@fluentui/react-overflow/lib/useOverflowDivider.js" was ignored.
node_modules/@fluentui/react-overflow/lib/useOverflowVisibility.js (1:0): Module level directives cause errors when bundled, "use client" in "node_modules/@fluentui/react-overflow/lib/useOverflowVisibility.js" was ignored.
node_modules/@fluentui/react-overflow/lib/components/OverflowDivider/OverflowDivider.js (1:0): Module level directives cause errors when bundled, "use client" in "node_modules/@fluentui/react-overflow/lib/components/OverflowDivider/OverflowDivider.js" was ignored.
node_modules/@fluentui/react-overflow/lib/overflowContext.js (1:0): Module level directives cause errors when bundled, "use client" in "node_modules/@fluentui/react-overflow/lib/overflowContext.js" was ignored.
node_modules/@fluentui/react-overflow/lib/components/OverflowItem/OverflowItem.js (1:0): Module level directives cause errors when bundled, "use client" in "node_modules/@fluentui/react-overflow/lib/components/OverflowItem/OverflowItem.js" was ignored.
node_modules/@fluentui/react-table/lib/contexts/columnIdContext.js (1:0): Module level directives cause errors when bundled, "use client" in "node_modules/@fluentui/react-table/lib/contexts/columnIdContext.js" was ignored.
node_modules/@fluentui/react-table/lib/contexts/rowIdContext.js (1:0): Module level directives cause errors when bundled, "use client" in "node_modules/@fluentui/react-table/lib/contexts/rowIdContext.js" was ignored.
node_modules/@fluentui/react-table/lib/contexts/tableContext.js (1:0): Module level directives cause errors when bundled, "use client" in "node_modules/@fluentui/react-table/lib/contexts/tableContext.js" was ignored.
node_modules/@fluentui/react-table/lib/contexts/tableHeaderContext.js (1:0): Module level directives cause errors when bundled, "use client" in "node_modules/@fluentui/react-table/lib/contexts/tableHeaderContext.js" was ignored.
node_modules/@fluentui/react-table/lib/contexts/dataGridContext.js (1:0): Module level directives cause errors when bundled, "use client" in "node_modules/@fluentui/react-table/lib/contexts/dataGridContext.js" was ignored.
node_modules/@fluentui/react-toast/lib/contexts/toastContainerContext.js (1:0): Module level directives cause errors when bundled, "use client" in "node_modules/@fluentui/react-toast/lib/contexts/toastContainerContext.js" was ignored.
node_modules/@fluentui/react-tags/lib/contexts/tagGroupContext.js (1:0): Module level directives cause errors when bundled, "use client" in "node_modules/@fluentui/react-tags/lib/contexts/tagGroupContext.js" was ignored.
node_modules/@fluentui/react-tags/lib/contexts/interactionTagContext.js (1:0): Module level directives cause errors when bundled, "use client" in "node_modules/@fluentui/react-tags/lib/contexts/interactionTagContext.js" was ignored.
node_modules/@fluentui/react-tree/lib/components/FlatTree/useHeadlessFlatTree.js (1:0): Module level directives cause errors when bundled, "use client" in "node_modules/@fluentui/react-tree/lib/components/FlatTree/useHeadlessFlatTree.js" was ignored.
node_modules/@fluentui/react-tree/lib/hooks/useTreeNavigation.js (1:0): Module level directives cause errors when bundled, "use client" in "node_modules/@fluentui/react-tree/lib/hooks/useTreeNavigation.js" was ignored.
node_modules/@fluentui/react-tag-picker/lib/utils/useTagPickerFilter.js (1:0): Module level directives cause errors when bundled, "use client" in "node_modules/@fluentui/react-tag-picker/lib/utils/useTagPickerFilter.js" was ignored.
node_modules/@fluentui/react-tag-picker/lib/contexts/TagPickerContext.js (1:0): Module level directives cause errors when bundled, "use client" in "node_modules/@fluentui/react-tag-picker/lib/contexts/TagPickerContext.js" was ignored.
node_modules/@fluentui/react-motion/lib/factories/createPresenceComponent.js (1:0): Module level directives cause errors when bundled, "use client" in "node_modules/@fluentui/react-motion/lib/factories/createPresenceComponent.js" was ignored.
node_modules/@fluentui/react-motion/lib/factories/createMotionComponent.js (1:0): Module level directives cause errors when bundled, "use client" in "node_modules/@fluentui/react-motion/lib/factories/createMotionComponent.js" was ignored.
node_modules/@fluentui/react-motion/lib/components/PresenceGroup.js (1:0): Module level directives cause errors when bundled, "use client" in "node_modules/@fluentui/react-motion/lib/components/PresenceGroup.js" was ignored.
node_modules/@fluentui/react-motion/lib/components/MotionRefForwarder.js (1:0): Module level directives cause errors when bundled, "use client" in "node_modules/@fluentui/react-motion/lib/components/MotionRefForwarder.js" was ignored.
node_modules/@fluentui/react-motion/lib/contexts/PresenceGroupChildContext.js (1:0): Module level directives cause errors when bundled, "use client" in "node_modules/@fluentui/react-motion/lib/contexts/PresenceGroupChildContext.js" was ignored.
node_modules/@fluentui/react-motion/lib/contexts/MotionBehaviourContext.js (1:0): Module level directives cause errors when bundled, "use client" in "node_modules/@fluentui/react-motion/lib/contexts/MotionBehaviourContext.js" was ignored.
node_modules/@fluentui/react-nav/lib/components/NavContext.js (1:0): Module level directives cause errors when bundled, "use client" in "node_modules/@fluentui/react-nav/lib/components/NavContext.js" was ignored.
node_modules/@fluentui/react-nav/lib/components/NavCategoryItemContext.js (1:0): Module level directives cause errors when bundled, "use client" in "node_modules/@fluentui/react-nav/lib/components/NavCategoryItemContext.js" was ignored.
node_modules/@fluentui/react-nav/lib/components/useNavCategoryContextValues_unstable.js (1:0): Module level directives cause errors when bundled, "use client" in "node_modules/@fluentui/react-nav/lib/components/useNavCategoryContextValues_unstable.js" was ignored.
node_modules/@fluentui/react-nav/lib/components/NavCategoryContext.js (1:0): Module level directives cause errors when bundled, "use client" in "node_modules/@fluentui/react-nav/lib/components/NavCategoryContext.js" was ignored.
node_modules/@fluentui/react-nav/lib/components/useNavContextValues.js (1:0): Module level directives cause errors when bundled, "use client" in "node_modules/@fluentui/react-nav/lib/components/useNavContextValues.js" was ignored.
node_modules/@fluentui/react-nav/lib/components/useNavCategoryItemContextValues_unstable.js (1:0): Module level directives cause errors when bundled, "use client" in "node_modules/@fluentui/react-nav/lib/components/useNavCategoryItemContextValues_unstable.js" was ignored.
node_modules/react-router/dist/development/index.mjs (11:0): Module level directives cause errors when bundled, "use client" in "node_modules/react-router/dist/development/index.mjs" was ignored.
node_modules/@fluentui/react-overflow/lib/useOverflowItem.js (1:0): Module level directives cause errors when bundled, "use client" in "node_modules/@fluentui/react-overflow/lib/useOverflowItem.js" was ignored.
node_modules/@fluentui/react-positioning/lib/usePositioningMouseTarget.js (1:0): Module level directives cause errors when bundled, "use client" in "node_modules/@fluentui/react-positioning/lib/usePositioningMouseTarget.js" was ignored.
node_modules/@griffel/react/src/makeStaticStyles.js (1:0): Module level directives cause errors when bundled, "use client" in "node_modules/@griffel/react/src/makeStaticStyles.js" was ignored.
node_modules/@griffel/react/src/makeResetStyles.js (1:0): Module level directives cause errors when bundled, "use client" in "node_modules/@griffel/react/src/makeResetStyles.js" was ignored.
node_modules/@griffel/react/src/makeStyles.js (1:0): Module level directives cause errors when bundled, "use client" in "node_modules/@griffel/react/src/makeStyles.js" was ignored.
node_modules/@fluentui/react-positioning/lib/usePositioning.js (1:0): Module level directives cause errors when bundled, "use client" in "node_modules/@fluentui/react-positioning/lib/usePositioning.js" was ignored.
node_modules/react-router/dist/development/dom-export.mjs (1:0): Module level directives cause errors when bundled, "use client" in "node_modules/react-router/dist/development/dom-export.mjs" was ignored.
node_modules/@fluentui/react-tabster/lib/hooks/useFocusableGroup.js (1:0): Module level directives cause errors when bundled, "use client" in "node_modules/@fluentui/react-tabster/lib/hooks/useFocusableGroup.js" was ignored.
node_modules/@fluentui/react-tabster/lib/hooks/useArrowNavigationGroup.js (1:0): Module level directives cause errors when bundled, "use client" in "node_modules/@fluentui/react-tabster/lib/hooks/useArrowNavigationGroup.js" was ignored.
node_modules/@fluentui/react-tabster/lib/hooks/useFocusFinders.js (1:0): Module level directives cause errors when bundled, "use client" in "node_modules/@fluentui/react-tabster/lib/hooks/useFocusFinders.js" was ignored.
node_modules/@fluentui/react-tabster/lib/hooks/useFocusVisible.js (1:0): Module level directives cause errors when bundled, "use client" in "node_modules/@fluentui/react-tabster/lib/hooks/useFocusVisible.js" was ignored.
node_modules/@fluentui/react-tabster/lib/hooks/useFocusWithin.js (1:0): Module level directives cause errors when bundled, "use client" in "node_modules/@fluentui/react-tabster/lib/hooks/useFocusWithin.js" was ignored.
node_modules/@fluentui/react-tabster/lib/hooks/useKeyboardNavAttribute.js (1:0): Module level directives cause errors when bundled, "use client" in "node_modules/@fluentui/react-tabster/lib/hooks/useKeyboardNavAttribute.js" was ignored.
node_modules/@fluentui/react-tabster/lib/hooks/useOnKeyboardNavigationChange.js (1:0): Module level directives cause errors when bundled, "use client" in "node_modules/@fluentui/react-tabster/lib/hooks/useOnKeyboardNavigationChange.js" was ignored.
node_modules/@fluentui/react-tabster/lib/hooks/useTabsterAttributes.js (1:0): Module level directives cause errors when bundled, "use client" in "node_modules/@fluentui/react-tabster/lib/hooks/useTabsterAttributes.js" was ignored.
node_modules/@fluentui/react-tabster/lib/hooks/useModalAttributes.js (1:0): Module level directives cause errors when bundled, "use client" in "node_modules/@fluentui/react-tabster/lib/hooks/useModalAttributes.js" was ignored.
node_modules/@fluentui/react-tabster/lib/hooks/useObservedElement.js (1:0): Module level directives cause errors when bundled, "use client" in "node_modules/@fluentui/react-tabster/lib/hooks/useObservedElement.js" was ignored.
node_modules/@fluentui/react-tabster/lib/hooks/useFocusObserved.js (1:0): Module level directives cause errors when bundled, "use client" in "node_modules/@fluentui/react-tabster/lib/hooks/useFocusObserved.js" was ignored.
node_modules/@fluentui/react-tabster/lib/hooks/useUncontrolledFocus.js (1:0): Module level directives cause errors when bundled, "use client" in "node_modules/@fluentui/react-tabster/lib/hooks/useUncontrolledFocus.js" was ignored.
node_modules/@fluentui/react-tabster/lib/hooks/useRestoreFocus.js (1:0): Module level directives cause errors when bundled, "use client" in "node_modules/@fluentui/react-tabster/lib/hooks/useRestoreFocus.js" was ignored.
node_modules/@fluentui/react-tabster/lib/hooks/useIsNavigatingWithKeyboard.js (1:0): Module level directives cause errors when bundled, "use client" in "node_modules/@fluentui/react-tabster/lib/hooks/useIsNavigatingWithKeyboard.js" was ignored.
node_modules/@fluentui/react-tabster/lib/hooks/useSetKeyboardNavigation.js (1:0): Module level directives cause errors when bundled, "use client" in "node_modules/@fluentui/react-tabster/lib/hooks/useSetKeyboardNavigation.js" was ignored.
node_modules/@fluentui/react-tabster/lib/hooks/useActivateModal.js (1:0): Module level directives cause errors when bundled, "use client" in "node_modules/@fluentui/react-tabster/lib/hooks/useActivateModal.js" was ignored.
node_modules/@fluentui/react-tabster/lib/hooks/useFocusedElementChange.js (1:0): Module level directives cause errors when bundled, "use client" in "node_modules/@fluentui/react-tabster/lib/hooks/useFocusedElementChange.js" was ignored.
node_modules/@fluentui/react-shared-contexts/lib/AnnounceContext/AnnounceContext.js (1:0): Module level directives cause errors when bundled, "use client" in "node_modules/@fluentui/react-shared-contexts/lib/AnnounceContext/AnnounceContext.js" was ignored.
node_modules/@fluentui/react-shared-contexts/lib/OverridesContext/OverridesContext.js (1:0): Module level directives cause errors when bundled, "use client" in "node_modules/@fluentui/react-shared-contexts/lib/OverridesContext/OverridesContext.js" was ignored.
node_modules/@griffel/react/src/insertionFactory.js (1:0): Module level directives cause errors when bundled, "use client" in "node_modules/@griffel/react/src/insertionFactory.js" was ignored.
node_modules/@fluentui/react-shared-contexts/lib/BackgroundAppearanceContext/BackgroundAppearanceContext.js (1:0): Module level directives cause errors when bundled, "use client" in "node_modules/@fluentui/react-shared-contexts/lib/BackgroundAppearanceContext/BackgroundAppearanceContext.js" was ignored.
node_modules/@fluentui/react-utilities/lib/hooks/useEventCallback.js (1:0): Module level directives cause errors when bundled, "use client" in "node_modules/@fluentui/react-utilities/lib/hooks/useEventCallback.js" was ignored.
node_modules/@fluentui/react-utilities/lib/hooks/useApplyScrollbarWidth.js (1:0): Module level directives cause errors when bundled, "use client" in "node_modules/@fluentui/react-utilities/lib/hooks/useApplyScrollbarWidth.js" was ignored.
node_modules/@fluentui/react-utilities/lib/hooks/useFirstMount.js (1:0): Module level directives cause errors when bundled, "use client" in "node_modules/@fluentui/react-utilities/lib/hooks/useFirstMount.js" was ignored.
node_modules/@fluentui/react-utilities/lib/hooks/useForceUpdate.js (1:0): Module level directives cause errors when bundled, "use client" in "node_modules/@fluentui/react-utilities/lib/hooks/useForceUpdate.js" was ignored.
node_modules/@fluentui/react-utilities/lib/hooks/useId.js (1:0): Module level directives cause errors when bundled, "use client" in "node_modules/@fluentui/react-utilities/lib/hooks/useId.js" was ignored.
node_modules/@fluentui/react-utilities/lib/hooks/useIsomorphicLayoutEffect.js (1:0): Module level directives cause errors when bundled, "use client" in "node_modules/@fluentui/react-utilities/lib/hooks/useIsomorphicLayoutEffect.js" was ignored.
node_modules/@fluentui/react-utilities/lib/hooks/useOnScrollOutside.js (1:0): Module level directives cause errors when bundled, "use client" in "node_modules/@fluentui/react-utilities/lib/hooks/useOnScrollOutside.js" was ignored.
node_modules/@fluentui/react-utilities/lib/hooks/usePrevious.js (1:0): Module level directives cause errors when bundled, "use client" in "node_modules/@fluentui/react-utilities/lib/hooks/usePrevious.js" was ignored.
node_modules/@fluentui/react-utilities/lib/hooks/useOnClickOutside.js (1:0): Module level directives cause errors when bundled, "use client" in "node_modules/@fluentui/react-utilities/lib/hooks/useOnClickOutside.js" was ignored.
node_modules/@fluentui/react-utilities/lib/hooks/useScrollbarWidth.js (1:0): Module level directives cause errors when bundled, "use client" in "node_modules/@fluentui/react-utilities/lib/hooks/useScrollbarWidth.js" was ignored.
node_modules/@fluentui/react-utilities/lib/hooks/useTimeout.js (1:0): Module level directives cause errors when bundled, "use client" in "node_modules/@fluentui/react-utilities/lib/hooks/useTimeout.js" was ignored.
node_modules/@fluentui/react-utilities/lib/ssr/canUseDOM.js (1:0): Module level directives cause errors when bundled, "use client" in "node_modules/@fluentui/react-utilities/lib/ssr/canUseDOM.js" was ignored.
node_modules/@fluentui/react-utilities/lib/hooks/useAnimationFrame.js (1:0): Module level directives cause errors when bundled, "use client" in "node_modules/@fluentui/react-utilities/lib/hooks/useAnimationFrame.js" was ignored.
node_modules/@fluentui/react-avatar/lib/contexts/AvatarGroupContext.js (1:0): Module level directives cause errors when bundled, "use client" in "node_modules/@fluentui/react-avatar/lib/contexts/AvatarGroupContext.js" was ignored.
node_modules/@fluentui/react-avatar/lib/contexts/AvatarContext.js (1:0): Module level directives cause errors when bundled, "use client" in "node_modules/@fluentui/react-avatar/lib/contexts/AvatarContext.js" was ignored.
node_modules/@fluentui/react-button/lib/utils/useToggleState.js (1:0): Module level directives cause errors when bundled, "use client" in "node_modules/@fluentui/react-button/lib/utils/useToggleState.js" was ignored.
node_modules/@fluentui/react-button/lib/contexts/ButtonContext.js (1:0): Module level directives cause errors when bundled, "use client" in "node_modules/@fluentui/react-button/lib/contexts/ButtonContext.js" was ignored.
node_modules/@fluentui/react-combobox/lib/utils/useOptionCollection.js (1:0): Module level directives cause errors when bundled, "use client" in "node_modules/@fluentui/react-combobox/lib/utils/useOptionCollection.js" was ignored.
node_modules/@fluentui/react-combobox/lib/utils/useSelection.js (1:0): Module level directives cause errors when bundled, "use client" in "node_modules/@fluentui/react-combobox/lib/utils/useSelection.js" was ignored.
node_modules/@fluentui/react-combobox/lib/utils/useTriggerSlot.js (1:0): Module level directives cause errors when bundled, "use client" in "node_modules/@fluentui/react-combobox/lib/utils/useTriggerSlot.js" was ignored.
node_modules/@fluentui/react-link/lib/contexts/linkContext.js (1:0): Module level directives cause errors when bundled, "use client" in "node_modules/@fluentui/react-link/lib/contexts/linkContext.js" was ignored.
node_modules/@fluentui/react-menu/lib/selectable/useCheckmarkStyles.styles.js (1:0): Module level directives cause errors when bundled, "use client" in "node_modules/@fluentui/react-menu/lib/selectable/useCheckmarkStyles.styles.js" was ignored.
node_modules/@fluentui/react-radio/lib/contexts/useRadioGroupContextValues.js (1:0): Module level directives cause errors when bundled, "use client" in "node_modules/@fluentui/react-radio/lib/contexts/useRadioGroupContextValues.js" was ignored.
node_modules/@fluentui/react-radio/lib/contexts/RadioGroupContext.js (1:0): Module level directives cause errors when bundled, "use client" in "node_modules/@fluentui/react-radio/lib/contexts/RadioGroupContext.js" was ignored.
node_modules/@fluentui/react-menu/lib/utils/useOnMenuEnter.js (1:0): Module level directives cause errors when bundled, "use client" in "node_modules/@fluentui/react-menu/lib/utils/useOnMenuEnter.js" was ignored.
node_modules/@fluentui/react-menu/lib/utils/useIsSubmenu.js (1:0): Module level directives cause errors when bundled, "use client" in "node_modules/@fluentui/react-menu/lib/utils/useIsSubmenu.js" was ignored.
node_modules/@fluentui/react-portal/lib/components/Portal/Portal.js (1:0): Module level directives cause errors when bundled, "use client" in "node_modules/@fluentui/react-portal/lib/components/Portal/Portal.js" was ignored.
node_modules/@fluentui/react-portal/lib/components/Portal/usePortal.js (1:0): Module level directives cause errors when bundled, "use client" in "node_modules/@fluentui/react-portal/lib/components/Portal/usePortal.js" was ignored.
node_modules/@fluentui/react-menu/lib/utils/useOnMenuSafeZoneTimeout.js (1:0): Module level directives cause errors when bundled, "use client" in "node_modules/@fluentui/react-menu/lib/utils/useOnMenuSafeZoneTimeout.js" was ignored.
node_modules/@fluentui/react-skeleton/lib/contexts/SkeletonContext.js (1:0): Module level directives cause errors when bundled, "use client" in "node_modules/@fluentui/react-skeleton/lib/contexts/SkeletonContext.js" was ignored.
node_modules/@fluentui/react-spinner/lib/contexts/SpinnerContext.js (1:0): Module level directives cause errors when bundled, "use client" in "node_modules/@fluentui/react-spinner/lib/contexts/SpinnerContext.js" was ignored.
node_modules/@fluentui/react-positioning/lib/hooks/useSafeZoneArea/SafeZoneArea.js (1:0): Module level directives cause errors when bundled, "use client" in "node_modules/@fluentui/react-positioning/lib/hooks/useSafeZoneArea/SafeZoneArea.js" was ignored.
node_modules/@fluentui/react-positioning/lib/utils/getScrollParent.js (5:4): Module level directives cause errors when bundled, "use client" in "node_modules/@fluentui/react-positioning/lib/utils/getScrollParent.js" was ignored.
node_modules/@fluentui/react-positioning/lib/utils/mergeArrowOffset.js (1:0): Module level directives cause errors when bundled, "use client" in "node_modules/@fluentui/react-positioning/lib/utils/mergeArrowOffset.js" was ignored.
node_modules/@fluentui/react-positioning/lib/utils/useCallbackRef.js (1:0): Module level directives cause errors when bundled, "use client" in "node_modules/@fluentui/react-positioning/lib/utils/useCallbackRef.js" was ignored.
node_modules/@fluentui/react-dialog/lib/contexts/dialogSurfaceContext.js (1:0): Module level directives cause errors when bundled, "use client" in "node_modules/@fluentui/react-dialog/lib/contexts/dialogSurfaceContext.js" was ignored.
node_modules/@fluentui/react-dialog/lib/contexts/dialogContext.js (1:0): Module level directives cause errors when bundled, "use client" in "node_modules/@fluentui/react-dialog/lib/contexts/dialogContext.js" was ignored.
node_modules/@fluentui/react-dialog/lib/contexts/dialogBackdropContext.js (1:0): Module level directives cause errors when bundled, "use client" in "node_modules/@fluentui/react-dialog/lib/contexts/dialogBackdropContext.js" was ignored.
node_modules/@fluentui/react-overflow/lib/components/useOverflowStyles.styles.js (1:0): Module level directives cause errors when bundled, "use client" in "node_modules/@fluentui/react-overflow/lib/components/useOverflowStyles.styles.js" was ignored.
node_modules/@fluentui/react-overflow/lib/components/OverflowReorderObserver/OverflowReorderObserver.js (1:0): Module level directives cause errors when bundled, "use client" in "node_modules/@fluentui/react-overflow/lib/components/OverflowReorderObserver/OverflowReorderObserver.js" was ignored.
node_modules/@fluentui/react-field/lib/contexts/useFieldControlProps.js (1:0): Module level directives cause errors when bundled, "use client" in "node_modules/@fluentui/react-field/lib/contexts/useFieldControlProps.js" was ignored.
node_modules/@fluentui/react-field/lib/contexts/useFieldContextValues.js (1:0): Module level directives cause errors when bundled, "use client" in "node_modules/@fluentui/react-field/lib/contexts/useFieldContextValues.js" was ignored.
node_modules/@fluentui/react-field/lib/contexts/FieldContext.js (1:0): Module level directives cause errors when bundled, "use client" in "node_modules/@fluentui/react-field/lib/contexts/FieldContext.js" was ignored.
node_modules/@fluentui/react-table/lib/hooks/useTableFeatures.js (1:0): Module level directives cause errors when bundled, "use client" in "node_modules/@fluentui/react-table/lib/hooks/useTableFeatures.js" was ignored.
node_modules/@fluentui/react-table/lib/hooks/useTableSelection.js (1:0): Module level directives cause errors when bundled, "use client" in "node_modules/@fluentui/react-table/lib/hooks/useTableSelection.js" was ignored.
node_modules/@fluentui/react-table/lib/hooks/useTableSort.js (1:0): Module level directives cause errors when bundled, "use client" in "node_modules/@fluentui/react-table/lib/hooks/useTableSort.js" was ignored.
node_modules/@fluentui/react-table/lib/hooks/useTableColumnSizing.js (1:0): Module level directives cause errors when bundled, "use client" in "node_modules/@fluentui/react-table/lib/hooks/useTableColumnSizing.js" was ignored.
node_modules/@fluentui/react-table/lib/hooks/useTableCompositeNavigation.js (1:0): Module level directives cause errors when bundled, "use client" in "node_modules/@fluentui/react-table/lib/hooks/useTableCompositeNavigation.js" was ignored.
node_modules/@fluentui/react-toast/lib/state/useToastController.js (1:0): Module level directives cause errors when bundled, "use client" in "node_modules/@fluentui/react-toast/lib/state/useToastController.js" was ignored.
node_modules/@fluentui/react-toast/lib/state/useToaster.js (1:0): Module level directives cause errors when bundled, "use client" in "node_modules/@fluentui/react-toast/lib/state/useToaster.js" was ignored.
node_modules/@fluentui/react-tags/lib/utils/useTagAvatarContextValues.js (1:0): Module level directives cause errors when bundled, "use client" in "node_modules/@fluentui/react-tags/lib/utils/useTagAvatarContextValues.js" was ignored.
node_modules/@fluentui/react-tree/lib/contexts/treeContext.js (1:0): Module level directives cause errors when bundled, "use client" in "node_modules/@fluentui/react-tree/lib/contexts/treeContext.js" was ignored.
node_modules/@fluentui/react-tree/lib/contexts/subtreeContext.js (1:0): Module level directives cause errors when bundled, "use client" in "node_modules/@fluentui/react-tree/lib/contexts/subtreeContext.js" was ignored.
node_modules/@fluentui/react-tree/lib/contexts/treeItemContext.js (1:0): Module level directives cause errors when bundled, "use client" in "node_modules/@fluentui/react-tree/lib/contexts/treeItemContext.js" was ignored.
node_modules/@fluentui/react-tree/lib/hooks/useControllableOpenItems.js (1:0): Module level directives cause errors when bundled, "use client" in "node_modules/@fluentui/react-tree/lib/hooks/useControllableOpenItems.js" was ignored.
node_modules/@fluentui/react-tree/lib/hooks/useRovingTabIndexes.js (1:0): Module level directives cause errors when bundled, "use client" in "node_modules/@fluentui/react-tree/lib/hooks/useRovingTabIndexes.js" was ignored.
node_modules/@fluentui/react-tree/lib/hooks/useHTMLElementWalkerRef.js (1:0): Module level directives cause errors when bundled, "use client" in "node_modules/@fluentui/react-tree/lib/hooks/useHTMLElementWalkerRef.js" was ignored.
node_modules/@fluentui/react-message-bar/lib/contexts/messageBarTransitionContext.js (1:0): Module level directives cause errors when bundled, "use client" in "node_modules/@fluentui/react-message-bar/lib/contexts/messageBarTransitionContext.js" was ignored.
node_modules/@fluentui/react-message-bar/lib/contexts/messageBarContext.js (1:0): Module level directives cause errors when bundled, "use client" in "node_modules/@fluentui/react-message-bar/lib/contexts/messageBarContext.js" was ignored.
node_modules/@fluentui/react-aria/lib/AriaLiveAnnouncer/AriaLiveAnnouncer.js (1:0): Module level directives cause errors when bundled, "use client" in "node_modules/@fluentui/react-aria/lib/AriaLiveAnnouncer/AriaLiveAnnouncer.js" was ignored.
node_modules/@fluentui/react-aria/lib/AriaLiveAnnouncer/useAriaLiveAnnouncer.js (1:0): Module level directives cause errors when bundled, "use client" in "node_modules/@fluentui/react-aria/lib/AriaLiveAnnouncer/useAriaLiveAnnouncer.js" was ignored.
node_modules/@fluentui/react-aria/lib/AriaLiveAnnouncer/useAriaLiveAnnouncerContextValues.js (1:0): Module level directives cause errors when bundled, "use client" in "node_modules/@fluentui/react-aria/lib/AriaLiveAnnouncer/useAriaLiveAnnouncerContextValues.js" was ignored.
node_modules/@fluentui/react-aria/lib/useTypingAnnounce/useTypingAnnounce.js (1:0): Module level directives cause errors when bundled, "use client" in "node_modules/@fluentui/react-aria/lib/useTypingAnnounce/useTypingAnnounce.js" was ignored.
node_modules/@fluentui/react-aria/lib/button/useARIAButtonShorthand.js (1:0): Module level directives cause errors when bundled, "use client" in "node_modules/@fluentui/react-aria/lib/button/useARIAButtonShorthand.js" was ignored.
node_modules/@fluentui/react-aria/lib/activedescendant/ActiveDescendantContext.js (1:0): Module level directives cause errors when bundled, "use client" in "node_modules/@fluentui/react-aria/lib/activedescendant/ActiveDescendantContext.js" was ignored.
node_modules/@fluentui/react-aria/lib/button/useARIAButtonProps.js (1:0): Module level directives cause errors when bundled, "use client" in "node_modules/@fluentui/react-aria/lib/button/useARIAButtonProps.js" was ignored.
node_modules/@fluentui/react-aria/lib/activedescendant/useActiveDescendant.js (1:0): Module level directives cause errors when bundled, "use client" in "node_modules/@fluentui/react-aria/lib/activedescendant/useActiveDescendant.js" was ignored.
node_modules/@fluentui/react-drawer/lib/contexts/drawerContext.js (1:0): Module level directives cause errors when bundled, "use client" in "node_modules/@fluentui/react-drawer/lib/contexts/drawerContext.js" was ignored.
node_modules/@fluentui/react-swatch-picker/lib/components/SwatchPicker/useSwatchPickerContextValues.js (1:0): Module level directives cause errors when bundled, "use client" in "node_modules/@fluentui/react-swatch-picker/lib/components/SwatchPicker/useSwatchPickerContextValues.js" was ignored.
node_modules/@fluentui/react-swatch-picker/lib/contexts/swatchPicker.js (1:0): Module level directives cause errors when bundled, "use client" in "node_modules/@fluentui/react-swatch-picker/lib/contexts/swatchPicker.js" was ignored.
node_modules/@fluentui/react-motion/lib/hooks/useMountedState.js (1:0): Module level directives cause errors when bundled, "use client" in "node_modules/@fluentui/react-motion/lib/hooks/useMountedState.js" was ignored.
node_modules/@fluentui/react-motion/lib/hooks/useIsReducedMotion.js (1:0): Module level directives cause errors when bundled, "use client" in "node_modules/@fluentui/react-motion/lib/hooks/useIsReducedMotion.js" was ignored.
node_modules/@fluentui/react-motion/lib/hooks/useMotionImperativeRef.js (1:0): Module level directives cause errors when bundled, "use client" in "node_modules/@fluentui/react-motion/lib/hooks/useMotionImperativeRef.js" was ignored.
node_modules/@fluentui/react-motion/lib/components/PresenceGroupItemProvider.js (1:0): Module level directives cause errors when bundled, "use client" in "node_modules/@fluentui/react-motion/lib/components/PresenceGroupItemProvider.js" was ignored.
node_modules/@fluentui/react-rating/lib/contexts/RatingItemContext.js (1:0): Module level directives cause errors when bundled, "use client" in "node_modules/@fluentui/react-rating/lib/contexts/RatingItemContext.js" was ignored.
node_modules/@fluentui/react-carousel/lib/components/CarouselContext.js (1:0): Module level directives cause errors when bundled, "use client" in "node_modules/@fluentui/react-carousel/lib/components/CarouselContext.js" was ignored.
node_modules/@fluentui/react-nav/lib/components/NavCategory/NavCategory.js (1:0): Module level directives cause errors when bundled, "use client" in "node_modules/@fluentui/react-nav/lib/components/NavCategory/NavCategory.js" was ignored.
node_modules/@fluentui/react-nav/lib/components/NavCategory/useNavCategory.js (1:0): Module level directives cause errors when bundled, "use client" in "node_modules/@fluentui/react-nav/lib/components/NavCategory/useNavCategory.js" was ignored.
node_modules/@fluentui/react-nav/lib/components/NavCategoryItem/useNavCategoryItem.js (1:0): Module level directives cause errors when bundled, "use client" in "node_modules/@fluentui/react-nav/lib/components/NavCategoryItem/useNavCategoryItem.js" was ignored.
node_modules/@fluentui/react-nav/lib/components/NavCategoryItem/NavCategoryItem.js (1:0): Module level directives cause errors when bundled, "use client" in "node_modules/@fluentui/react-nav/lib/components/NavCategoryItem/NavCategoryItem.js" was ignored.
node_modules/@fluentui/react-nav/lib/components/NavCategoryItem/useNavCategoryItem.styles.js (1:0): Module level directives cause errors when bundled, "use client" in "node_modules/@fluentui/react-nav/lib/components/NavCategoryItem/useNavCategoryItem.styles.js" was ignored.
node_modules/@fluentui/react-nav/lib/components/Nav/useNav.js (1:0): Module level directives cause errors when bundled, "use client" in "node_modules/@fluentui/react-nav/lib/components/Nav/useNav.js" was ignored.
node_modules/@fluentui/react-nav/lib/components/Nav/Nav.js (1:0): Module level directives cause errors when bundled, "use client" in "node_modules/@fluentui/react-nav/lib/components/Nav/Nav.js" was ignored.
node_modules/@fluentui/react-nav/lib/components/Nav/useNavStyles.styles.js (1:0): Module level directives cause errors when bundled, "use client" in "node_modules/@fluentui/react-nav/lib/components/Nav/useNavStyles.styles.js" was ignored.
node_modules/@fluentui/react-nav/lib/components/NavItem/NavItem.js (1:0): Module level directives cause errors when bundled, "use client" in "node_modules/@fluentui/react-nav/lib/components/NavItem/NavItem.js" was ignored.
node_modules/@fluentui/react-nav/lib/components/NavItem/useNavItem.js (1:0): Module level directives cause errors when bundled, "use client" in "node_modules/@fluentui/react-nav/lib/components/NavItem/useNavItem.js" was ignored.
node_modules/@fluentui/react-nav/lib/components/NavItem/useNavItemStyles.styles.js (1:0): Module level directives cause errors when bundled, "use client" in "node_modules/@fluentui/react-nav/lib/components/NavItem/useNavItemStyles.styles.js" was ignored.
node_modules/@fluentui/react-nav/lib/components/NavSubItem/NavSubItem.js (1:0): Module level directives cause errors when bundled, "use client" in "node_modules/@fluentui/react-nav/lib/components/NavSubItem/NavSubItem.js" was ignored.
node_modules/@fluentui/react-nav/lib/components/NavSubItem/useNavSubItem.js (1:0): Module level directives cause errors when bundled, "use client" in "node_modules/@fluentui/react-nav/lib/components/NavSubItem/useNavSubItem.js" was ignored.
node_modules/@fluentui/react-nav/lib/components/NavSubItem/useNavSubItemStyles.styles.js (1:0): Module level directives cause errors when bundled, "use client" in "node_modules/@fluentui/react-nav/lib/components/NavSubItem/useNavSubItemStyles.styles.js" was ignored.
node_modules/@fluentui/react-nav/lib/components/NavSubItemGroup/NavSubItemGroup.js (1:0): Module level directives cause errors when bundled, "use client" in "node_modules/@fluentui/react-nav/lib/components/NavSubItemGroup/NavSubItemGroup.js" was ignored.
node_modules/@fluentui/react-nav/lib/components/NavSubItemGroup/useNavSubItemGroupStyles.styles.js (1:0): Module level directives cause errors when bundled, "use client" in "node_modules/@fluentui/react-nav/lib/components/NavSubItemGroup/useNavSubItemGroupStyles.styles.js" was ignored.
node_modules/@fluentui/react-nav/lib/components/NavSubItemGroup/useNavSubItemGroup.js (1:0): Module level directives cause errors when bundled, "use client" in "node_modules/@fluentui/react-nav/lib/components/NavSubItemGroup/useNavSubItemGroup.js" was ignored.
node_modules/@fluentui/react-utilities/lib/hooks/useControllableState.js (1:0): Module level directives cause errors when bundled, "use client" in "node_modules/@fluentui/react-utilities/lib/hooks/useControllableState.js" was ignored.
node_modules/@fluentui/react-utilities/lib/selection/useSelection.js (1:0): Module level directives cause errors when bundled, "use client" in "node_modules/@fluentui/react-utilities/lib/selection/useSelection.js" was ignored.
node_modules/@fluentui/react-utilities/lib/ssr/SSRContext.js (1:0): Module level directives cause errors when bundled, "use client" in "node_modules/@fluentui/react-utilities/lib/ssr/SSRContext.js" was ignored.
node_modules/@fluentui/react-tree/lib/components/FlatTree/useFlatControllableCheckedItems.js (1:0): Module level directives cause errors when bundled, "use client" in "node_modules/@fluentui/react-tree/lib/components/FlatTree/useFlatControllableCheckedItems.js" was ignored.
node_modules/@fluentui/react-menu/lib/utils/useValidateNesting.js (1:0): Module level directives cause errors when bundled, "use client" in "node_modules/@fluentui/react-menu/lib/utils/useValidateNesting.js" was ignored.
node_modules/@fluentui/react-tabster/lib/hooks/useMergeTabsterAttributes.js (1:0): Module level directives cause errors when bundled, "use client" in "node_modules/@fluentui/react-tabster/lib/hooks/useMergeTabsterAttributes.js" was ignored.
node_modules/@fluentui/react-motion/lib/hooks/useAnimateAtoms.js (1:0): Module level directives cause errors when bundled, "use client" in "node_modules/@fluentui/react-motion/lib/hooks/useAnimateAtoms.js" was ignored.
node_modules/@fluentui/react-utilities/lib/hooks/useMergedRefs.js (1:0): Module level directives cause errors when bundled, "use client" in "node_modules/@fluentui/react-utilities/lib/hooks/useMergedRefs.js" was ignored.
node_modules/@fluentui/react-motion/lib/utils/useChildElement.js (1:0): Module level directives cause errors when bundled, "use client" in "node_modules/@fluentui/react-motion/lib/utils/useChildElement.js" was ignored.
node_modules/@fluentui/react-tree/lib/hooks/useFlatTreeNavigation.js (1:0): Module level directives cause errors when bundled, "use client" in "node_modules/@fluentui/react-tree/lib/hooks/useFlatTreeNavigation.js" was ignored.
node_modules/@griffel/react/src/utils/isInsideComponent.js (1:0): Module level directives cause errors when bundled, "use client" in "node_modules/@griffel/react/src/utils/isInsideComponent.js" was ignored.
node_modules/@fluentui/react-tabster/lib/hooks/useKeyborgRef.js (1:0): Module level directives cause errors when bundled, "use client" in "node_modules/@fluentui/react-tabster/lib/hooks/useKeyborgRef.js" was ignored.
node_modules/@fluentui/react-shared-contexts/lib/ThemeClassNameContext/ThemeClassNameContext.js (1:0): Module level directives cause errors when bundled, "use client" in "node_modules/@fluentui/react-shared-contexts/lib/ThemeClassNameContext/ThemeClassNameContext.js" was ignored.
node_modules/@fluentui/react-shared-contexts/lib/TooltipVisibilityContext/TooltipContext.js (1:0): Module level directives cause errors when bundled, "use client" in "node_modules/@fluentui/react-shared-contexts/lib/TooltipVisibilityContext/TooltipContext.js" was ignored.
node_modules/@fluentui/react-shared-contexts/lib/ProviderContext/ProviderContext.js (1:0): Module level directives cause errors when bundled, "use client" in "node_modules/@fluentui/react-shared-contexts/lib/ProviderContext/ProviderContext.js" was ignored.
node_modules/@fluentui/react-shared-contexts/lib/ThemeContext/ThemeContext.js (1:0): Module level directives cause errors when bundled, "use client" in "node_modules/@fluentui/react-shared-contexts/lib/ThemeContext/ThemeContext.js" was ignored.
node_modules/@fluentui/react-shared-contexts/lib/CustomStyleHooksContext/CustomStyleHooksContext.js (1:0): Module level directives cause errors when bundled, "use client" in "node_modules/@fluentui/react-shared-contexts/lib/CustomStyleHooksContext/CustomStyleHooksContext.js" was ignored.
node_modules/@griffel/react/src/useInsertionEffect.js (1:0): Module level directives cause errors when bundled, "use client" in "node_modules/@griffel/react/src/useInsertionEffect.js" was ignored.
node_modules/@fluentui/react-utilities/lib/hooks/useBrowserTimer.js (1:0): Module level directives cause errors when bundled, "use client" in "node_modules/@fluentui/react-utilities/lib/hooks/useBrowserTimer.js" was ignored.
node_modules/@fluentui/react-provider/lib/components/FluentProvider/useFluentProviderStyles.styles.js (1:0): Module level directives cause errors when bundled, "use client" in "node_modules/@fluentui/react-provider/lib/components/FluentProvider/useFluentProviderStyles.styles.js" was ignored.
node_modules/@fluentui/react-provider/lib/components/FluentProvider/renderFluentProvider.js (1:2): Module level directives cause errors when bundled, "use client" in "node_modules/@fluentui/react-provider/lib/components/FluentProvider/renderFluentProvider.js" was ignored.
node_modules/@fluentui/react-provider/lib/components/FluentProvider/FluentProvider.js (1:0): Module level directives cause errors when bundled, "use client" in "node_modules/@fluentui/react-provider/lib/components/FluentProvider/FluentProvider.js" was ignored.
node_modules/@fluentui/react-provider/lib/components/FluentProvider/useFluentProviderContextValues.js (1:0): Module level directives cause errors when bundled, "use client" in "node_modules/@fluentui/react-provider/lib/components/FluentProvider/useFluentProviderContextValues.js" was ignored.
node_modules/@fluentui/react-accordion/lib/components/Accordion/useAccordion.js (1:0): Module level directives cause errors when bundled, "use client" in "node_modules/@fluentui/react-accordion/lib/components/Accordion/useAccordion.js" was ignored.
node_modules/@fluentui/react-accordion/lib/components/Accordion/useAccordionContextValues.js (1:0): Module level directives cause errors when bundled, "use client" in "node_modules/@fluentui/react-accordion/lib/components/Accordion/useAccordionContextValues.js" was ignored.
node_modules/@fluentui/react-accordion/lib/components/Accordion/Accordion.js (1:0): Module level directives cause errors when bundled, "use client" in "node_modules/@fluentui/react-accordion/lib/components/Accordion/Accordion.js" was ignored.
node_modules/@fluentui/react-accordion/lib/components/AccordionItem/AccordionItem.js (1:0): Module level directives cause errors when bundled, "use client" in "node_modules/@fluentui/react-accordion/lib/components/AccordionItem/AccordionItem.js" was ignored.
node_modules/@fluentui/react-accordion/lib/components/AccordionItem/useAccordionItem.js (1:0): Module level directives cause errors when bundled, "use client" in "node_modules/@fluentui/react-accordion/lib/components/AccordionItem/useAccordionItem.js" was ignored.
node_modules/@fluentui/react-accordion/lib/components/AccordionItem/useAccordionItemContextValues.js (1:0): Module level directives cause errors when bundled, "use client" in "node_modules/@fluentui/react-accordion/lib/components/AccordionItem/useAccordionItemContextValues.js" was ignored.
node_modules/@fluentui/react-accordion/lib/components/AccordionHeader/useAccordionHeaderContextValues.js (1:0): Module level directives cause errors when bundled, "use client" in "node_modules/@fluentui/react-accordion/lib/components/AccordionHeader/useAccordionHeaderContextValues.js" was ignored.
node_modules/@fluentui/react-accordion/lib/components/AccordionHeader/useAccordionHeader.js (1:0): Module level directives cause errors when bundled, "use client" in "node_modules/@fluentui/react-accordion/lib/components/AccordionHeader/useAccordionHeader.js" was ignored.
node_modules/@fluentui/react-accordion/lib/components/AccordionHeader/useAccordionHeaderStyles.styles.js (1:0): Module level directives cause errors when bundled, "use client" in "node_modules/@fluentui/react-accordion/lib/components/AccordionHeader/useAccordionHeaderStyles.styles.js" was ignored.
node_modules/@fluentui/react-accordion/lib/components/AccordionPanel/AccordionPanel.js (1:0): Module level directives cause errors when bundled, "use client" in "node_modules/@fluentui/react-accordion/lib/components/AccordionPanel/AccordionPanel.js" was ignored.
node_modules/@fluentui/react-accordion/lib/components/AccordionPanel/useAccordionPanelStyles.styles.js (1:0): Module level directives cause errors when bundled, "use client" in "node_modules/@fluentui/react-accordion/lib/components/AccordionPanel/useAccordionPanelStyles.styles.js" was ignored.
node_modules/@fluentui/react-accordion/lib/components/AccordionPanel/useAccordionPanel.js (1:0): Module level directives cause errors when bundled, "use client" in "node_modules/@fluentui/react-accordion/lib/components/AccordionPanel/useAccordionPanel.js" was ignored.
node_modules/@fluentui/react-context-selector/lib/useHasParentContext.js (1:0): Module level directives cause errors when bundled, "use client" in "node_modules/@fluentui/react-context-selector/lib/useHasParentContext.js" was ignored.
node_modules/@fluentui/react-context-selector/lib/useContextSelector.js (1:0): Module level directives cause errors when bundled, "use client" in "node_modules/@fluentui/react-context-selector/lib/useContextSelector.js" was ignored.
node_modules/@fluentui/react-badge/lib/components/Badge/Badge.js (1:0): Module level directives cause errors when bundled, "use client" in "node_modules/@fluentui/react-badge/lib/components/Badge/Badge.js" was ignored.
node_modules/@fluentui/react-badge/lib/components/Badge/useBadge.js (1:0): Module level directives cause errors when bundled, "use client" in "node_modules/@fluentui/react-badge/lib/components/Badge/useBadge.js" was ignored.
node_modules/@fluentui/react-badge/lib/components/PresenceBadge/PresenceBadge.js (1:0): Module level directives cause errors when bundled, "use client" in "node_modules/@fluentui/react-badge/lib/components/PresenceBadge/PresenceBadge.js" was ignored.
node_modules/@fluentui/react-badge/lib/components/PresenceBadge/usePresenceBadge.js (1:0): Module level directives cause errors when bundled, "use client" in "node_modules/@fluentui/react-badge/lib/components/PresenceBadge/usePresenceBadge.js" was ignored.
node_modules/@fluentui/react-badge/lib/components/Badge/useBadgeStyles.styles.js (1:0): Module level directives cause errors when bundled, "use client" in "node_modules/@fluentui/react-badge/lib/components/Badge/useBadgeStyles.styles.js" was ignored.
node_modules/@fluentui/react-badge/lib/components/PresenceBadge/usePresenceBadgeStyles.styles.js (1:0): Module level directives cause errors when bundled, "use client" in "node_modules/@fluentui/react-badge/lib/components/PresenceBadge/usePresenceBadgeStyles.styles.js" was ignored.
node_modules/@fluentui/react-avatar/lib/components/Avatar/Avatar.js (1:0): Module level directives cause errors when bundled, "use client" in "node_modules/@fluentui/react-avatar/lib/components/Avatar/Avatar.js" was ignored.
node_modules/@fluentui/react-avatar/lib/components/Avatar/useAvatar.js (1:0): Module level directives cause errors when bundled, "use client" in "node_modules/@fluentui/react-avatar/lib/components/Avatar/useAvatar.js" was ignored.
node_modules/@fluentui/react-avatar/lib/components/AvatarGroup/useAvatarGroup.js (1:0): Module level directives cause errors when bundled, "use client" in "node_modules/@fluentui/react-avatar/lib/components/AvatarGroup/useAvatarGroup.js" was ignored.
node_modules/@fluentui/react-avatar/lib/components/AvatarGroup/AvatarGroup.js (1:0): Module level directives cause errors when bundled, "use client" in "node_modules/@fluentui/react-avatar/lib/components/AvatarGroup/AvatarGroup.js" was ignored.
node_modules/@fluentui/react-avatar/lib/components/AvatarGroup/useAvatarGroupContextValues.js (1:0): Module level directives cause errors when bundled, "use client" in "node_modules/@fluentui/react-avatar/lib/components/AvatarGroup/useAvatarGroupContextValues.js" was ignored.
node_modules/@fluentui/react-avatar/lib/components/AvatarGroup/useAvatarGroupStyles.styles.js (1:0): Module level directives cause errors when bundled, "use client" in "node_modules/@fluentui/react-avatar/lib/components/AvatarGroup/useAvatarGroupStyles.styles.js" was ignored.
node_modules/@fluentui/react-avatar/lib/components/Avatar/useAvatarStyles.styles.js (1:0): Module level directives cause errors when bundled, "use client" in "node_modules/@fluentui/react-avatar/lib/components/Avatar/useAvatarStyles.styles.js" was ignored.
node_modules/@fluentui/react-avatar/lib/components/AvatarGroupItem/AvatarGroupItem.js (1:0): Module level directives cause errors when bundled, "use client" in "node_modules/@fluentui/react-avatar/lib/components/AvatarGroupItem/AvatarGroupItem.js" was ignored.
node_modules/@fluentui/react-badge/lib/components/CounterBadge/useCounterBadge.js (1:0): Module level directives cause errors when bundled, "use client" in "node_modules/@fluentui/react-badge/lib/components/CounterBadge/useCounterBadge.js" was ignored.
node_modules/@fluentui/react-badge/lib/components/CounterBadge/useCounterBadgeStyles.styles.js (1:0): Module level directives cause errors when bundled, "use client" in "node_modules/@fluentui/react-badge/lib/components/CounterBadge/useCounterBadgeStyles.styles.js" was ignored.
node_modules/@fluentui/react-badge/lib/components/CounterBadge/CounterBadge.js (1:0): Module level directives cause errors when bundled, "use client" in "node_modules/@fluentui/react-badge/lib/components/CounterBadge/CounterBadge.js" was ignored.
node_modules/@fluentui/react-avatar/lib/components/AvatarGroupPopover/AvatarGroupPopover.js (1:0): Module level directives cause errors when bundled, "use client" in "node_modules/@fluentui/react-avatar/lib/components/AvatarGroupPopover/AvatarGroupPopover.js" was ignored.
node_modules/@fluentui/react-avatar/lib/components/AvatarGroupItem/useAvatarGroupItemStyles.styles.js (1:0): Module level directives cause errors when bundled, "use client" in "node_modules/@fluentui/react-avatar/lib/components/AvatarGroupItem/useAvatarGroupItemStyles.styles.js" was ignored.
node_modules/@fluentui/react-avatar/lib/components/AvatarGroupPopover/useAvatarGroupPopover.js (1:0): Module level directives cause errors when bundled, "use client" in "node_modules/@fluentui/react-avatar/lib/components/AvatarGroupPopover/useAvatarGroupPopover.js" was ignored.
node_modules/@fluentui/react-avatar/lib/components/AvatarGroupPopover/useAvatarGroupPopoverContextValues.js (1:0): Module level directives cause errors when bundled, "use client" in "node_modules/@fluentui/react-avatar/lib/components/AvatarGroupPopover/useAvatarGroupPopoverContextValues.js" was ignored.
node_modules/@fluentui/react-button/lib/components/CompoundButton/useCompoundButton.js (1:0): Module level directives cause errors when bundled, "use client" in "node_modules/@fluentui/react-button/lib/components/CompoundButton/useCompoundButton.js" was ignored.
node_modules/@fluentui/react-avatar/lib/components/AvatarGroupPopover/useAvatarGroupPopoverStyles.styles.js (1:0): Module level directives cause errors when bundled, "use client" in "node_modules/@fluentui/react-avatar/lib/components/AvatarGroupPopover/useAvatarGroupPopoverStyles.styles.js" was ignored.
node_modules/@fluentui/react-accordion/lib/components/AccordionHeader/AccordionHeader.js (1:0): Module level directives cause errors when bundled, "use client" in "node_modules/@fluentui/react-accordion/lib/components/AccordionHeader/AccordionHeader.js" was ignored.
node_modules/@fluentui/react-button/lib/components/CompoundButton/CompoundButton.js (1:0): Module level directives cause errors when bundled, "use client" in "node_modules/@fluentui/react-button/lib/components/CompoundButton/CompoundButton.js" was ignored.
node_modules/@fluentui/react-button/lib/components/MenuButton/MenuButton.js (1:0): Module level directives cause errors when bundled, "use client" in "node_modules/@fluentui/react-button/lib/components/MenuButton/MenuButton.js" was ignored.
node_modules/@fluentui/react-button/lib/components/CompoundButton/useCompoundButtonStyles.styles.js (1:0): Module level directives cause errors when bundled, "use client" in "node_modules/@fluentui/react-button/lib/components/CompoundButton/useCompoundButtonStyles.styles.js" was ignored.
node_modules/@fluentui/react-button/lib/components/MenuButton/useMenuButton.js (1:0): Module level directives cause errors when bundled, "use client" in "node_modules/@fluentui/react-button/lib/components/MenuButton/useMenuButton.js" was ignored.
node_modules/@fluentui/react-button/lib/components/Button/Button.js (1:0): Module level directives cause errors when bundled, "use client" in "node_modules/@fluentui/react-button/lib/components/Button/Button.js" was ignored.
node_modules/@fluentui/react-button/lib/components/MenuButton/useMenuButtonStyles.styles.js (1:0): Module level directives cause errors when bundled, "use client" in "node_modules/@fluentui/react-button/lib/components/MenuButton/useMenuButtonStyles.styles.js" was ignored.
node_modules/@fluentui/react-button/lib/components/Button/useButton.js (1:0): Module level directives cause errors when bundled, "use client" in "node_modules/@fluentui/react-button/lib/components/Button/useButton.js" was ignored.
node_modules/@fluentui/react-button/lib/components/ToggleButton/ToggleButton.js (1:0): Module level directives cause errors when bundled, "use client" in "node_modules/@fluentui/react-button/lib/components/ToggleButton/ToggleButton.js" was ignored.
node_modules/@fluentui/react-button/lib/components/ToggleButton/useToggleButton.js (1:0): Module level directives cause errors when bundled, "use client" in "node_modules/@fluentui/react-button/lib/components/ToggleButton/useToggleButton.js" was ignored.
node_modules/@fluentui/react-button/lib/components/Button/useButtonStyles.styles.js (1:0): Module level directives cause errors when bundled, "use client" in "node_modules/@fluentui/react-button/lib/components/Button/useButtonStyles.styles.js" was ignored.
node_modules/@fluentui/react-button/lib/components/ToggleButton/useToggleButtonStyles.styles.js (1:0): Module level directives cause errors when bundled, "use client" in "node_modules/@fluentui/react-button/lib/components/ToggleButton/useToggleButtonStyles.styles.js" was ignored.
node_modules/@fluentui/react-combobox/lib/components/Listbox/Listbox.js (1:0): Module level directives cause errors when bundled, "use client" in "node_modules/@fluentui/react-combobox/lib/components/Listbox/Listbox.js" was ignored.
node_modules/@fluentui/react-button/lib/components/SplitButton/useSplitButtonStyles.styles.js (1:0): Module level directives cause errors when bundled, "use client" in "node_modules/@fluentui/react-button/lib/components/SplitButton/useSplitButtonStyles.styles.js" was ignored.
node_modules/@fluentui/react-combobox/lib/components/Listbox/useListbox.js (1:0): Module level directives cause errors when bundled, "use client" in "node_modules/@fluentui/react-combobox/lib/components/Listbox/useListbox.js" was ignored.
node_modules/@fluentui/react-combobox/lib/components/Option/Option.js (1:0): Module level directives cause errors when bundled, "use client" in "node_modules/@fluentui/react-combobox/lib/components/Option/Option.js" was ignored.
node_modules/@fluentui/react-combobox/lib/components/Option/useOption.js (1:0): Module level directives cause errors when bundled, "use client" in "node_modules/@fluentui/react-combobox/lib/components/Option/useOption.js" was ignored.
node_modules/@fluentui/react-button/lib/components/SplitButton/SplitButton.js (1:0): Module level directives cause errors when bundled, "use client" in "node_modules/@fluentui/react-button/lib/components/SplitButton/SplitButton.js" was ignored.
node_modules/@fluentui/react-combobox/lib/components/Listbox/useListboxStyles.styles.js (1:0): Module level directives cause errors when bundled, "use client" in "node_modules/@fluentui/react-combobox/lib/components/Listbox/useListboxStyles.styles.js" was ignored.
node_modules/@fluentui/react-combobox/lib/components/OptionGroup/OptionGroup.js (1:0): Module level directives cause errors when bundled, "use client" in "node_modules/@fluentui/react-combobox/lib/components/OptionGroup/OptionGroup.js" was ignored.
node_modules/@fluentui/react-combobox/lib/components/Option/useOptionStyles.styles.js (1:0): Module level directives cause errors when bundled, "use client" in "node_modules/@fluentui/react-combobox/lib/components/Option/useOptionStyles.styles.js" was ignored.
node_modules/@fluentui/react-combobox/lib/components/OptionGroup/useOptionGroupStyles.styles.js (1:0): Module level directives cause errors when bundled, "use client" in "node_modules/@fluentui/react-combobox/lib/components/OptionGroup/useOptionGroupStyles.styles.js" was ignored.
node_modules/@fluentui/react-combobox/lib/components/Combobox/Combobox.js (1:0): Module level directives cause errors when bundled, "use client" in "node_modules/@fluentui/react-combobox/lib/components/Combobox/Combobox.js" was ignored.
node_modules/@fluentui/react-combobox/lib/components/Combobox/useComboboxStyles.styles.js (1:0): Module level directives cause errors when bundled, "use client" in "node_modules/@fluentui/react-combobox/lib/components/Combobox/useComboboxStyles.styles.js" was ignored.
node_modules/@fluentui/react-combobox/lib/components/Dropdown/Dropdown.js (1:0): Module level directives cause errors when bundled, "use client" in "node_modules/@fluentui/react-combobox/lib/components/Dropdown/Dropdown.js" was ignored.
node_modules/@fluentui/react-combobox/lib/components/Dropdown/useDropdownStyles.styles.js (1:0): Module level directives cause errors when bundled, "use client" in "node_modules/@fluentui/react-combobox/lib/components/Dropdown/useDropdownStyles.styles.js" was ignored.
node_modules/@fluentui/react-divider/lib/components/Divider/Divider.js (1:0): Module level directives cause errors when bundled, "use client" in "node_modules/@fluentui/react-divider/lib/components/Divider/Divider.js" was ignored.
node_modules/@fluentui/react-divider/lib/components/Divider/useDivider.js (1:0): Module level directives cause errors when bundled, "use client" in "node_modules/@fluentui/react-divider/lib/components/Divider/useDivider.js" was ignored.
node_modules/@fluentui/react-divider/lib/components/Divider/useDividerStyles.styles.js (1:0): Module level directives cause errors when bundled, "use client" in "node_modules/@fluentui/react-divider/lib/components/Divider/useDividerStyles.styles.js" was ignored.
node_modules/@fluentui/react-link/lib/components/Link/useLink.js (1:0): Module level directives cause errors when bundled, "use client" in "node_modules/@fluentui/react-link/lib/components/Link/useLink.js" was ignored.
node_modules/@fluentui/react-link/lib/components/Link/Link.js (1:0): Module level directives cause errors when bundled, "use client" in "node_modules/@fluentui/react-link/lib/components/Link/Link.js" was ignored.
node_modules/@fluentui/react-link/lib/components/Link/useLinkStyles.styles.js (1:0): Module level directives cause errors when bundled, "use client" in "node_modules/@fluentui/react-link/lib/components/Link/useLinkStyles.styles.js" was ignored.
node_modules/@fluentui/react-input/lib/components/Input/Input.js (1:0): Module level directives cause errors when bundled, "use client" in "node_modules/@fluentui/react-input/lib/components/Input/Input.js" was ignored.
node_modules/@fluentui/react-label/lib/components/Label/Label.js (1:0): Module level directives cause errors when bundled, "use client" in "node_modules/@fluentui/react-label/lib/components/Label/Label.js" was ignored.
node_modules/@fluentui/react-label/lib/components/Label/useLabel.js (1:0): Module level directives cause errors when bundled, "use client" in "node_modules/@fluentui/react-label/lib/components/Label/useLabel.js" was ignored.
node_modules/@fluentui/react-label/lib/components/Label/useLabelStyles.styles.js (1:0): Module level directives cause errors when bundled, "use client" in "node_modules/@fluentui/react-label/lib/components/Label/useLabelStyles.styles.js" was ignored.
node_modules/@fluentui/react-input/lib/components/Input/useInputStyles.styles.js (1:0): Module level directives cause errors when bundled, "use client" in "node_modules/@fluentui/react-input/lib/components/Input/useInputStyles.styles.js" was ignored.
node_modules/@fluentui/react-popover/lib/components/Popover/usePopoverContextValues.js (1:0): Module level directives cause errors when bundled, "use client" in "node_modules/@fluentui/react-popover/lib/components/Popover/usePopoverContextValues.js" was ignored.
node_modules/@fluentui/react-popover/lib/components/Popover/Popover.js (1:0): Module level directives cause errors when bundled, "use client" in "node_modules/@fluentui/react-popover/lib/components/Popover/Popover.js" was ignored.
node_modules/@fluentui/react-popover/lib/components/PopoverSurface/PopoverSurface.js (1:0): Module level directives cause errors when bundled, "use client" in "node_modules/@fluentui/react-popover/lib/components/PopoverSurface/PopoverSurface.js" was ignored.
node_modules/@fluentui/react-popover/lib/components/PopoverSurface/usePopoverSurface.js (1:0): Module level directives cause errors when bundled, "use client" in "node_modules/@fluentui/react-popover/lib/components/PopoverSurface/usePopoverSurface.js" was ignored.
node_modules/@fluentui/react-popover/lib/components/PopoverTrigger/PopoverTrigger.js (1:0): Module level directives cause errors when bundled, "use client" in "node_modules/@fluentui/react-popover/lib/components/PopoverTrigger/PopoverTrigger.js" was ignored.
node_modules/@fluentui/react-popover/lib/components/PopoverSurface/usePopoverSurfaceStyles.styles.js (1:0): Module level directives cause errors when bundled, "use client" in "node_modules/@fluentui/react-popover/lib/components/PopoverSurface/usePopoverSurfaceStyles.styles.js" was ignored.
node_modules/@fluentui/react-persona/lib/components/Persona/Persona.js (1:0): Module level directives cause errors when bundled, "use client" in "node_modules/@fluentui/react-persona/lib/components/Persona/Persona.js" was ignored.
node_modules/@fluentui/react-persona/lib/components/Persona/usePersona.js (1:0): Module level directives cause errors when bundled, "use client" in "node_modules/@fluentui/react-persona/lib/components/Persona/usePersona.js" was ignored.
node_modules/@fluentui/react-persona/lib/components/Persona/usePersonaStyles.styles.js (1:0): Module level directives cause errors when bundled, "use client" in "node_modules/@fluentui/react-persona/lib/components/Persona/usePersonaStyles.styles.js" was ignored.
node_modules/@fluentui/react-menu/lib/components/Menu/Menu.js (1:0): Module level directives cause errors when bundled, "use client" in "node_modules/@fluentui/react-menu/lib/components/Menu/Menu.js" was ignored.
node_modules/@fluentui/react-popover/lib/components/PopoverTrigger/usePopoverTrigger.js (1:0): Module level directives cause errors when bundled, "use client" in "node_modules/@fluentui/react-popover/lib/components/PopoverTrigger/usePopoverTrigger.js" was ignored.
node_modules/@fluentui/react-menu/lib/components/Menu/useMenuContextValues.js (1:0): Module level directives cause errors when bundled, "use client" in "node_modules/@fluentui/react-menu/lib/components/Menu/useMenuContextValues.js" was ignored.
node_modules/@fluentui/react-menu/lib/components/MenuDivider/useMenuDividerStyles.styles.js (1:0): Module level directives cause errors when bundled, "use client" in "node_modules/@fluentui/react-menu/lib/components/MenuDivider/useMenuDividerStyles.styles.js" was ignored.
node_modules/@fluentui/react-menu/lib/components/MenuDivider/MenuDivider.js (1:0): Module level directives cause errors when bundled, "use client" in "node_modules/@fluentui/react-menu/lib/components/MenuDivider/MenuDivider.js" was ignored.
node_modules/@fluentui/react-menu/lib/components/MenuGroup/MenuGroup.js (1:0): Module level directives cause errors when bundled, "use client" in "node_modules/@fluentui/react-menu/lib/components/MenuGroup/MenuGroup.js" was ignored.
node_modules/@fluentui/react-menu/lib/components/MenuGroup/useMenuGroupContextValues.js (1:0): Module level directives cause errors when bundled, "use client" in "node_modules/@fluentui/react-menu/lib/components/MenuGroup/useMenuGroupContextValues.js" was ignored.
node_modules/@fluentui/react-menu/lib/components/MenuItem/useMenuItem.js (1:0): Module level directives cause errors when bundled, "use client" in "node_modules/@fluentui/react-menu/lib/components/MenuItem/useMenuItem.js" was ignored.
node_modules/@fluentui/react-menu/lib/components/MenuItem/MenuItem.js (1:0): Module level directives cause errors when bundled, "use client" in "node_modules/@fluentui/react-menu/lib/components/MenuItem/MenuItem.js" was ignored.
node_modules/@fluentui/react-menu/lib/components/MenuItem/useMenuItemBase.js (1:0): Module level directives cause errors when bundled, "use client" in "node_modules/@fluentui/react-menu/lib/components/MenuItem/useMenuItemBase.js" was ignored.
node_modules/@fluentui/react-menu/lib/components/MenuItem/useMenuItemStyles.styles.js (1:0): Module level directives cause errors when bundled, "use client" in "node_modules/@fluentui/react-menu/lib/components/MenuItem/useMenuItemStyles.styles.js" was ignored.
node_modules/@fluentui/react-menu/lib/components/MenuGroupHeader/useMenuGroupHeader.js (1:0): Module level directives cause errors when bundled, "use client" in "node_modules/@fluentui/react-menu/lib/components/MenuGroupHeader/useMenuGroupHeader.js" was ignored.
node_modules/@fluentui/react-menu/lib/components/MenuGroupHeader/useMenuGroupHeaderStyles.styles.js (1:0): Module level directives cause errors when bundled, "use client" in "node_modules/@fluentui/react-menu/lib/components/MenuGroupHeader/useMenuGroupHeaderStyles.styles.js" was ignored.
node_modules/@fluentui/react-menu/lib/components/MenuItemCheckbox/useMenuItemCheckboxStyles.styles.js (1:0): Module level directives cause errors when bundled, "use client" in "node_modules/@fluentui/react-menu/lib/components/MenuItemCheckbox/useMenuItemCheckboxStyles.styles.js" was ignored.
node_modules/@fluentui/react-menu/lib/components/MenuItemCheckbox/useMenuItemCheckbox.js (1:0): Module level directives cause errors when bundled, "use client" in "node_modules/@fluentui/react-menu/lib/components/MenuItemCheckbox/useMenuItemCheckbox.js" was ignored.
node_modules/@fluentui/react-menu/lib/components/MenuGroupHeader/MenuGroupHeader.js (1:0): Module level directives cause errors when bundled, "use client" in "node_modules/@fluentui/react-menu/lib/components/MenuGroupHeader/MenuGroupHeader.js" was ignored.
node_modules/@fluentui/react-menu/lib/components/MenuList/MenuList.js (1:0): Module level directives cause errors when bundled, "use client" in "node_modules/@fluentui/react-menu/lib/components/MenuList/MenuList.js" was ignored.
node_modules/@fluentui/react-menu/lib/components/MenuItemCheckbox/MenuItemCheckbox.js (1:0): Module level directives cause errors when bundled, "use client" in "node_modules/@fluentui/react-menu/lib/components/MenuItemCheckbox/MenuItemCheckbox.js" was ignored.
node_modules/@fluentui/react-menu/lib/components/MenuList/useMenuListStyles.styles.js (1:0): Module level directives cause errors when bundled, "use client" in "node_modules/@fluentui/react-menu/lib/components/MenuList/useMenuListStyles.styles.js" was ignored.
node_modules/@fluentui/react-menu/lib/components/MenuList/useMenuListContextValues.js (1:0): Module level directives cause errors when bundled, "use client" in "node_modules/@fluentui/react-menu/lib/components/MenuList/useMenuListContextValues.js" was ignored.
node_modules/@fluentui/react-menu/lib/components/MenuItemRadio/MenuItemRadio.js (1:0): Module level directives cause errors when bundled, "use client" in "node_modules/@fluentui/react-menu/lib/components/MenuItemRadio/MenuItemRadio.js" was ignored.
node_modules/@fluentui/react-menu/lib/components/MenuList/useMenuList.js (1:0): Module level directives cause errors when bundled, "use client" in "node_modules/@fluentui/react-menu/lib/components/MenuList/useMenuList.js" was ignored.
node_modules/@fluentui/react-menu/lib/components/MenuItemRadio/useMenuItemRadio.js (1:0): Module level directives cause errors when bundled, "use client" in "node_modules/@fluentui/react-menu/lib/components/MenuItemRadio/useMenuItemRadio.js" was ignored.
node_modules/@fluentui/react-menu/lib/components/MenuItemRadio/useMenuItemRadioStyles.styles.js (1:0): Module level directives cause errors when bundled, "use client" in "node_modules/@fluentui/react-menu/lib/components/MenuItemRadio/useMenuItemRadioStyles.styles.js" was ignored.
node_modules/@fluentui/react-menu/lib/components/MenuPopover/MenuPopover.js (1:0): Module level directives cause errors when bundled, "use client" in "node_modules/@fluentui/react-menu/lib/components/MenuPopover/MenuPopover.js" was ignored.
node_modules/@fluentui/react-menu/lib/components/MenuPopover/useMenuPopover.js (1:0): Module level directives cause errors when bundled, "use client" in "node_modules/@fluentui/react-menu/lib/components/MenuPopover/useMenuPopover.js" was ignored.
node_modules/@fluentui/react-menu/lib/components/MenuPopover/useMenuPopoverStyles.styles.js (1:0): Module level directives cause errors when bundled, "use client" in "node_modules/@fluentui/react-menu/lib/components/MenuPopover/useMenuPopoverStyles.styles.js" was ignored.
node_modules/@fluentui/react-menu/lib/components/MenuSplitGroup/MenuSplitGroup.js (1:0): Module level directives cause errors when bundled, "use client" in "node_modules/@fluentui/react-menu/lib/components/MenuSplitGroup/MenuSplitGroup.js" was ignored.
node_modules/@fluentui/react-menu/lib/components/MenuSplitGroup/useMenuSplitGroup.js (1:0): Module level directives cause errors when bundled, "use client" in "node_modules/@fluentui/react-menu/lib/components/MenuSplitGroup/useMenuSplitGroup.js" was ignored.
node_modules/@fluentui/react-menu/lib/components/MenuSplitGroup/useMenuSplitGroupStyles.styles.js (1:0): Module level directives cause errors when bundled, "use client" in "node_modules/@fluentui/react-menu/lib/components/MenuSplitGroup/useMenuSplitGroupStyles.styles.js" was ignored.
node_modules/@fluentui/react-menu/lib/components/MenuTrigger/MenuTrigger.js (1:0): Module level directives cause errors when bundled, "use client" in "node_modules/@fluentui/react-menu/lib/components/MenuTrigger/MenuTrigger.js" was ignored.
node_modules/@fluentui/react-menu/lib/components/MenuItemSwitch/MenuItemSwitch.js (1:0): Module level directives cause errors when bundled, "use client" in "node_modules/@fluentui/react-menu/lib/components/MenuItemSwitch/MenuItemSwitch.js" was ignored.
node_modules/@fluentui/react-menu/lib/components/MenuTrigger/useMenuTrigger.js (1:0): Module level directives cause errors when bundled, "use client" in "node_modules/@fluentui/react-menu/lib/components/MenuTrigger/useMenuTrigger.js" was ignored.
node_modules/@fluentui/react-menu/lib/components/MenuItemSwitch/useMenuItemSwitch.js (1:0): Module level directives cause errors when bundled, "use client" in "node_modules/@fluentui/react-menu/lib/components/MenuItemSwitch/useMenuItemSwitch.js" was ignored.
node_modules/@fluentui/react-menu/lib/components/MenuItemLink/useMenuItemLink.js (1:0): Module level directives cause errors when bundled, "use client" in "node_modules/@fluentui/react-menu/lib/components/MenuItemLink/useMenuItemLink.js" was ignored.
node_modules/@fluentui/react-menu/lib/components/MenuItemSwitch/useMenuItemSwitchStyles.styles.js (1:0): Module level directives cause errors when bundled, "use client" in "node_modules/@fluentui/react-menu/lib/components/MenuItemSwitch/useMenuItemSwitchStyles.styles.js" was ignored.
node_modules/@fluentui/react-menu/lib/components/MenuItemLink/useMenuItemLinkStyles.styles.js (1:0): Module level directives cause errors when bundled, "use client" in "node_modules/@fluentui/react-menu/lib/components/MenuItemLink/useMenuItemLinkStyles.styles.js" was ignored.
node_modules/@fluentui/react-menu/lib/components/MenuItemLink/MenuItemLink.js (1:0): Module level directives cause errors when bundled, "use client" in "node_modules/@fluentui/react-menu/lib/components/MenuItemLink/MenuItemLink.js" was ignored.
node_modules/@fluentui/react-radio/lib/components/Radio/Radio.js (1:0): Module level directives cause errors when bundled, "use client" in "node_modules/@fluentui/react-radio/lib/components/Radio/Radio.js" was ignored.
node_modules/@fluentui/react-radio/lib/components/Radio/useRadioStyles.styles.js (1:0): Module level directives cause errors when bundled, "use client" in "node_modules/@fluentui/react-radio/lib/components/Radio/useRadioStyles.styles.js" was ignored.
node_modules/@fluentui/react-radio/lib/components/Radio/useRadio.js (1:0): Module level directives cause errors when bundled, "use client" in "node_modules/@fluentui/react-radio/lib/components/Radio/useRadio.js" was ignored.
node_modules/@fluentui/react-portal/lib/components/Portal/usePortalMountNode.js (1:0): Module level directives cause errors when bundled, "use client" in "node_modules/@fluentui/react-portal/lib/components/Portal/usePortalMountNode.js" was ignored.
node_modules/@fluentui/react-slider/lib/components/Slider/useSliderState.js (1:0): Module level directives cause errors when bundled, "use client" in "node_modules/@fluentui/react-slider/lib/components/Slider/useSliderState.js" was ignored.
node_modules/@fluentui/react-slider/lib/components/Slider/useSlider.js (1:0): Module level directives cause errors when bundled, "use client" in "node_modules/@fluentui/react-slider/lib/components/Slider/useSlider.js" was ignored.
node_modules/@fluentui/react-image/lib/components/Image/useImage.js (1:0): Module level directives cause errors when bundled, "use client" in "node_modules/@fluentui/react-image/lib/components/Image/useImage.js" was ignored.
node_modules/@fluentui/react-image/lib/components/Image/Image.js (1:0): Module level directives cause errors when bundled, "use client" in "node_modules/@fluentui/react-image/lib/components/Image/Image.js" was ignored.
node_modules/@fluentui/react-slider/lib/components/Slider/useSliderStyles.styles.js (1:0): Module level directives cause errors when bundled, "use client" in "node_modules/@fluentui/react-slider/lib/components/Slider/useSliderStyles.styles.js" was ignored.
node_modules/@fluentui/react-image/lib/components/Image/useImageStyles.styles.js (1:0): Module level directives cause errors when bundled, "use client" in "node_modules/@fluentui/react-image/lib/components/Image/useImageStyles.styles.js" was ignored.
node_modules/@fluentui/react-select/lib/components/Select/Select.js (1:0): Module level directives cause errors when bundled, "use client" in "node_modules/@fluentui/react-select/lib/components/Select/Select.js" was ignored.
node_modules/@fluentui/react-select/lib/components/Select/useSelect.js (1:0): Module level directives cause errors when bundled, "use client" in "node_modules/@fluentui/react-select/lib/components/Select/useSelect.js" was ignored.
node_modules/@fluentui/react-slider/lib/components/Slider/Slider.js (1:0): Module level directives cause errors when bundled, "use client" in "node_modules/@fluentui/react-slider/lib/components/Slider/Slider.js" was ignored.
node_modules/@fluentui/react-skeleton/lib/components/SkeletonItem/SkeletonItem.js (1:0): Module level directives cause errors when bundled, "use client" in "node_modules/@fluentui/react-skeleton/lib/components/SkeletonItem/SkeletonItem.js" was ignored.
node_modules/@fluentui/react-skeleton/lib/components/SkeletonItem/useSkeletonItem.js (1:0): Module level directives cause errors when bundled, "use client" in "node_modules/@fluentui/react-skeleton/lib/components/SkeletonItem/useSkeletonItem.js" was ignored.
node_modules/@fluentui/react-select/lib/components/Select/useSelectStyles.styles.js (1:0): Module level directives cause errors when bundled, "use client" in "node_modules/@fluentui/react-select/lib/components/Select/useSelectStyles.styles.js" was ignored.
node_modules/@fluentui/react-skeleton/lib/components/Skeleton/Skeleton.js (1:0): Module level directives cause errors when bundled, "use client" in "node_modules/@fluentui/react-skeleton/lib/components/Skeleton/Skeleton.js" was ignored.
node_modules/@fluentui/react-skeleton/lib/components/SkeletonItem/useSkeletonItemStyles.styles.js (1:0): Module level directives cause errors when bundled, "use client" in "node_modules/@fluentui/react-skeleton/lib/components/SkeletonItem/useSkeletonItemStyles.styles.js" was ignored.
node_modules/@fluentui/react-skeleton/lib/components/Skeleton/useSkeleton.js (1:0): Module level directives cause errors when bundled, "use client" in "node_modules/@fluentui/react-skeleton/lib/components/Skeleton/useSkeleton.js" was ignored.
node_modules/@fluentui/react-skeleton/lib/components/Skeleton/useSkeletonContextValues.js (1:0): Module level directives cause errors when bundled, "use client" in "node_modules/@fluentui/react-skeleton/lib/components/Skeleton/useSkeletonContextValues.js" was ignored.
node_modules/@fluentui/react-skeleton/lib/components/Skeleton/useSkeletonStyles.styles.js (1:0): Module level directives cause errors when bundled, "use client" in "node_modules/@fluentui/react-skeleton/lib/components/Skeleton/useSkeletonStyles.styles.js" was ignored.
node_modules/@fluentui/react-spinbutton/lib/components/SpinButton/SpinButton.js (1:0): Module level directives cause errors when bundled, "use client" in "node_modules/@fluentui/react-spinbutton/lib/components/SpinButton/SpinButton.js" was ignored.
node_modules/@fluentui/react-spinbutton/lib/components/SpinButton/useSpinButton.js (1:0): Module level directives cause errors when bundled, "use client" in "node_modules/@fluentui/react-spinbutton/lib/components/SpinButton/useSpinButton.js" was ignored.
node_modules/@fluentui/react-spinbutton/lib/components/SpinButton/useSpinButtonStyles.styles.js (1:0): Module level directives cause errors when bundled, "use client" in "node_modules/@fluentui/react-spinbutton/lib/components/SpinButton/useSpinButtonStyles.styles.js" was ignored.
node_modules/@fluentui/react-spinner/lib/components/Spinner/useSpinnerStyles.styles.js (1:0): Module level directives cause errors when bundled, "use client" in "node_modules/@fluentui/react-spinner/lib/components/Spinner/useSpinnerStyles.styles.js" was ignored.
node_modules/@fluentui/react-spinner/lib/components/Spinner/useSpinner.js (1:0): Module level directives cause errors when bundled, "use client" in "node_modules/@fluentui/react-spinner/lib/components/Spinner/useSpinner.js" was ignored.
node_modules/@fluentui/react-switch/lib/components/Switch/Switch.js (1:0): Module level directives cause errors when bundled, "use client" in "node_modules/@fluentui/react-switch/lib/components/Switch/Switch.js" was ignored.
node_modules/@fluentui/react-switch/lib/components/Switch/useSwitch.js (1:0): Module level directives cause errors when bundled, "use client" in "node_modules/@fluentui/react-switch/lib/components/Switch/useSwitch.js" was ignored.
node_modules/@fluentui/react-text/lib/components/presets/Body1Strong/Body1Strong.js (1:0): Module level directives cause errors when bundled, "use client" in "node_modules/@fluentui/react-text/lib/components/presets/Body1Strong/Body1Strong.js" was ignored.
node_modules/@fluentui/react-spinner/lib/components/Spinner/Spinner.js (1:0): Module level directives cause errors when bundled, "use client" in "node_modules/@fluentui/react-spinner/lib/components/Spinner/Spinner.js" was ignored.
node_modules/@fluentui/react-switch/lib/components/Switch/useSwitchStyles.styles.js (1:0): Module level directives cause errors when bundled, "use client" in "node_modules/@fluentui/react-switch/lib/components/Switch/useSwitchStyles.styles.js" was ignored.
node_modules/@fluentui/react-text/lib/components/presets/Body1Strong/useBody1StrongStyles.styles.js (1:0): Module level directives cause errors when bundled, "use client" in "node_modules/@fluentui/react-text/lib/components/presets/Body1Strong/useBody1StrongStyles.styles.js" was ignored.
node_modules/@fluentui/react-text/lib/components/presets/Body1/useBody1Styles.styles.js (1:0): Module level directives cause errors when bundled, "use client" in "node_modules/@fluentui/react-text/lib/components/presets/Body1/useBody1Styles.styles.js" was ignored.
node_modules/@fluentui/react-text/lib/components/presets/Body1/Body1.js (1:0): Module level directives cause errors when bundled, "use client" in "node_modules/@fluentui/react-text/lib/components/presets/Body1/Body1.js" was ignored.
node_modules/@fluentui/react-radio/lib/components/RadioGroup/useRadioGroup.js (1:0): Module level directives cause errors when bundled, "use client" in "node_modules/@fluentui/react-radio/lib/components/RadioGroup/useRadioGroup.js" was ignored.
node_modules/@fluentui/react-radio/lib/components/RadioGroup/RadioGroup.js (1:0): Module level directives cause errors when bundled, "use client" in "node_modules/@fluentui/react-radio/lib/components/RadioGroup/RadioGroup.js" was ignored.
node_modules/@fluentui/react-radio/lib/components/RadioGroup/useRadioGroupStyles.styles.js (1:0): Module level directives cause errors when bundled, "use client" in "node_modules/@fluentui/react-radio/lib/components/RadioGroup/useRadioGroupStyles.styles.js" was ignored.
node_modules/@fluentui/react-text/lib/components/Text/Text.js (1:0): Module level directives cause errors when bundled, "use client" in "node_modules/@fluentui/react-text/lib/components/Text/Text.js" was ignored.
node_modules/@fluentui/react-text/lib/components/presets/Body1Stronger/Body1Stronger.js (1:0): Module level directives cause errors when bundled, "use client" in "node_modules/@fluentui/react-text/lib/components/presets/Body1Stronger/Body1Stronger.js" was ignored.
node_modules/@fluentui/react-text/lib/components/presets/Body1Stronger/useBody1StrongerStyles.styles.js (1:0): Module level directives cause errors when bundled, "use client" in "node_modules/@fluentui/react-text/lib/components/presets/Body1Stronger/useBody1StrongerStyles.styles.js" was ignored.
node_modules/@fluentui/react-text/lib/components/presets/Caption1/Caption1.js (1:0): Module level directives cause errors when bundled, "use client" in "node_modules/@fluentui/react-text/lib/components/presets/Caption1/Caption1.js" was ignored.
node_modules/@fluentui/react-text/lib/components/presets/Body2/useBody2Styles.styles.js (1:0): Module level directives cause errors when bundled, "use client" in "node_modules/@fluentui/react-text/lib/components/presets/Body2/useBody2Styles.styles.js" was ignored.
node_modules/@fluentui/react-text/lib/components/presets/Body2/Body2.js (1:0): Module level directives cause errors when bundled, "use client" in "node_modules/@fluentui/react-text/lib/components/presets/Body2/Body2.js" was ignored.
node_modules/@fluentui/react-text/lib/components/presets/Caption1Strong/useCaption1StrongStyles.styles.js (1:0): Module level directives cause errors when bundled, "use client" in "node_modules/@fluentui/react-text/lib/components/presets/Caption1Strong/useCaption1StrongStyles.styles.js" was ignored.
node_modules/@fluentui/react-text/lib/components/presets/Caption2Strong/useCaption2StrongStyles.styles.js (1:0): Module level directives cause errors when bundled, "use client" in "node_modules/@fluentui/react-text/lib/components/presets/Caption2Strong/useCaption2StrongStyles.styles.js" was ignored.
node_modules/@fluentui/react-text/lib/components/presets/Caption1Strong/Caption1Strong.js (1:0): Module level directives cause errors when bundled, "use client" in "node_modules/@fluentui/react-text/lib/components/presets/Caption1Strong/Caption1Strong.js" was ignored.
node_modules/@fluentui/react-text/lib/components/presets/Caption2Strong/Caption2Strong.js (1:0): Module level directives cause errors when bundled, "use client" in "node_modules/@fluentui/react-text/lib/components/presets/Caption2Strong/Caption2Strong.js" was ignored.
node_modules/@fluentui/react-text/lib/components/presets/Caption2/Caption2.js (1:0): Module level directives cause errors when bundled, "use client" in "node_modules/@fluentui/react-text/lib/components/presets/Caption2/Caption2.js" was ignored.
node_modules/@fluentui/react-text/lib/components/presets/Caption2/useCaption2Styles.styles.js (1:0): Module level directives cause errors when bundled, "use client" in "node_modules/@fluentui/react-text/lib/components/presets/Caption2/useCaption2Styles.styles.js" was ignored.
node_modules/@fluentui/react-text/lib/components/presets/Caption1Stronger/useCaption1Stronger.styles.js (1:0): Module level directives cause errors when bundled, "use client" in "node_modules/@fluentui/react-text/lib/components/presets/Caption1Stronger/useCaption1Stronger.styles.js" was ignored.
node_modules/@fluentui/react-text/lib/components/presets/Caption1Stronger/Caption1Stronger.js (1:0): Module level directives cause errors when bundled, "use client" in "node_modules/@fluentui/react-text/lib/components/presets/Caption1Stronger/Caption1Stronger.js" was ignored.
node_modules/@fluentui/react-text/lib/components/presets/LargeTitle/LargeTitle.js (1:0): Module level directives cause errors when bundled, "use client" in "node_modules/@fluentui/react-text/lib/components/presets/LargeTitle/LargeTitle.js" was ignored.
node_modules/@fluentui/react-text/lib/components/presets/LargeTitle/useLargeTitleStyles.styles.js (1:0): Module level directives cause errors when bundled, "use client" in "node_modules/@fluentui/react-text/lib/components/presets/LargeTitle/useLargeTitleStyles.styles.js" was ignored.
node_modules/@fluentui/react-text/lib/components/presets/Display/Display.js (1:0): Module level directives cause errors when bundled, "use client" in "node_modules/@fluentui/react-text/lib/components/presets/Display/Display.js" was ignored.
node_modules/@fluentui/react-text/lib/components/presets/Display/useDisplayStyles.styles.js (1:0): Module level directives cause errors when bundled, "use client" in "node_modules/@fluentui/react-text/lib/components/presets/Display/useDisplayStyles.styles.js" was ignored.
node_modules/@fluentui/react-text/lib/components/presets/Subtitle2/Subtitle2.js (1:0): Module level directives cause errors when bundled, "use client" in "node_modules/@fluentui/react-text/lib/components/presets/Subtitle2/Subtitle2.js" was ignored.
node_modules/@fluentui/react-text/lib/components/presets/Subtitle1/useSubtitle1Styles.styles.js (1:0): Module level directives cause errors when bundled, "use client" in "node_modules/@fluentui/react-text/lib/components/presets/Subtitle1/useSubtitle1Styles.styles.js" was ignored.
node_modules/@fluentui/react-text/lib/components/presets/Subtitle2/useSubtitle2Styles.styles.js (1:0): Module level directives cause errors when bundled, "use client" in "node_modules/@fluentui/react-text/lib/components/presets/Subtitle2/useSubtitle2Styles.styles.js" was ignored.
node_modules/@fluentui/react-text/lib/components/presets/Subtitle1/Subtitle1.js (1:0): Module level directives cause errors when bundled, "use client" in "node_modules/@fluentui/react-text/lib/components/presets/Subtitle1/Subtitle1.js" was ignored.
node_modules/@fluentui/react-text/lib/components/presets/Title2/useTitle2Styles.styles.js (1:0): Module level directives cause errors when bundled, "use client" in "node_modules/@fluentui/react-text/lib/components/presets/Title2/useTitle2Styles.styles.js" was ignored.
node_modules/@fluentui/react-text/lib/components/presets/Title2/Title2.js (1:0): Module level directives cause errors when bundled, "use client" in "node_modules/@fluentui/react-text/lib/components/presets/Title2/Title2.js" was ignored.
node_modules/@fluentui/react-text/lib/components/presets/Subtitle2Stronger/Subtitle2Stronger.js (1:0): Module level directives cause errors when bundled, "use client" in "node_modules/@fluentui/react-text/lib/components/presets/Subtitle2Stronger/Subtitle2Stronger.js" was ignored.
node_modules/@fluentui/react-text/lib/components/presets/Subtitle2Stronger/useSubtitle2Stronger.styles.js (1:0): Module level directives cause errors when bundled, "use client" in "node_modules/@fluentui/react-text/lib/components/presets/Subtitle2Stronger/useSubtitle2Stronger.styles.js" was ignored.
node_modules/@fluentui/react-text/lib/components/presets/Title1/Title1.js (1:0): Module level directives cause errors when bundled, "use client" in "node_modules/@fluentui/react-text/lib/components/presets/Title1/Title1.js" was ignored.
node_modules/@fluentui/react-text/lib/components/presets/Title1/useTitle1Styles.styles.js (1:0): Module level directives cause errors when bundled, "use client" in "node_modules/@fluentui/react-text/lib/components/presets/Title1/useTitle1Styles.styles.js" was ignored.
node_modules/@fluentui/react-text/lib/components/presets/Title3/Title3.js (1:0): Module level directives cause errors when bundled, "use client" in "node_modules/@fluentui/react-text/lib/components/presets/Title3/Title3.js" was ignored.
node_modules/@fluentui/react-text/lib/components/presets/Title3/useTitle3Styles.styles.js (1:0): Module level directives cause errors when bundled, "use client" in "node_modules/@fluentui/react-text/lib/components/presets/Title3/useTitle3Styles.styles.js" was ignored.
node_modules/@fluentui/react-tabs/lib/components/TabList/TabList.js (1:0): Module level directives cause errors when bundled, "use client" in "node_modules/@fluentui/react-tabs/lib/components/TabList/TabList.js" was ignored.
node_modules/@fluentui/react-tabs/lib/components/TabList/TabListContext.js (1:0): Module level directives cause errors when bundled, "use client" in "node_modules/@fluentui/react-tabs/lib/components/TabList/TabListContext.js" was ignored.
node_modules/@fluentui/react-text/lib/components/Text/useTextStyles.styles.js (1:0): Module level directives cause errors when bundled, "use client" in "node_modules/@fluentui/react-text/lib/components/Text/useTextStyles.styles.js" was ignored.
node_modules/@fluentui/react-tabs/lib/components/TabList/useTabListContextValues.js (1:0): Module level directives cause errors when bundled, "use client" in "node_modules/@fluentui/react-tabs/lib/components/TabList/useTabListContextValues.js" was ignored.
node_modules/@fluentui/react-tabs/lib/components/TabList/useTabListStyles.styles.js (1:0): Module level directives cause errors when bundled, "use client" in "node_modules/@fluentui/react-tabs/lib/components/TabList/useTabListStyles.styles.js" was ignored.
node_modules/@fluentui/react-tooltip/lib/components/Tooltip/useTooltip.js (1:0): Module level directives cause errors when bundled, "use client" in "node_modules/@fluentui/react-tooltip/lib/components/Tooltip/useTooltip.js" was ignored.
node_modules/@fluentui/react-tooltip/lib/components/Tooltip/Tooltip.js (1:0): Module level directives cause errors when bundled, "use client" in "node_modules/@fluentui/react-tooltip/lib/components/Tooltip/Tooltip.js" was ignored.
node_modules/@fluentui/react-tooltip/lib/components/Tooltip/useTooltipBase.js (1:0): Module level directives cause errors when bundled, "use client" in "node_modules/@fluentui/react-tooltip/lib/components/Tooltip/useTooltipBase.js" was ignored.
node_modules/@fluentui/react-tooltip/lib/components/Tooltip/useTooltipStyles.styles.js (1:0): Module level directives cause errors when bundled, "use client" in "node_modules/@fluentui/react-tooltip/lib/components/Tooltip/useTooltipStyles.styles.js" was ignored.
node_modules/@fluentui/react-textarea/lib/components/Textarea/Textarea.js (1:0): Module level directives cause errors when bundled, "use client" in "node_modules/@fluentui/react-textarea/lib/components/Textarea/Textarea.js" was ignored.
node_modules/@fluentui/react-tabs/lib/components/Tab/Tab.js (1:0): Module level directives cause errors when bundled, "use client" in "node_modules/@fluentui/react-tabs/lib/components/Tab/Tab.js" was ignored.
node_modules/@fluentui/react-textarea/lib/components/Textarea/useTextareaStyles.styles.js (1:0): Module level directives cause errors when bundled, "use client" in "node_modules/@fluentui/react-textarea/lib/components/Textarea/useTextareaStyles.styles.js" was ignored.
node_modules/@fluentui/react-tabs/lib/components/Tab/useTab.js (1:0): Module level directives cause errors when bundled, "use client" in "node_modules/@fluentui/react-tabs/lib/components/Tab/useTab.js" was ignored.
node_modules/@fluentui/react-tabs/lib/components/Tab/useTabStyles.styles.js (1:0): Module level directives cause errors when bundled, "use client" in "node_modules/@fluentui/react-tabs/lib/components/Tab/useTabStyles.styles.js" was ignored.
node_modules/@fluentui/react-tabs/lib/components/Tab/useTabAnimatedIndicator.styles.js (1:0): Module level directives cause errors when bundled, "use client" in "node_modules/@fluentui/react-tabs/lib/components/Tab/useTabAnimatedIndicator.styles.js" was ignored.
node_modules/@fluentui/react-dialog/lib/components/Dialog/useDialogContextValues.js (1:0): Module level directives cause errors when bundled, "use client" in "node_modules/@fluentui/react-dialog/lib/components/Dialog/useDialogContextValues.js" was ignored.
node_modules/@fluentui/react-dialog/lib/components/DialogTrigger/DialogTrigger.js (1:0): Module level directives cause errors when bundled, "use client" in "node_modules/@fluentui/react-dialog/lib/components/DialogTrigger/DialogTrigger.js" was ignored.
node_modules/@fluentui/react-dialog/lib/components/DialogTrigger/useDialogTrigger.js (1:0): Module level directives cause errors when bundled, "use client" in "node_modules/@fluentui/react-dialog/lib/components/DialogTrigger/useDialogTrigger.js" was ignored.
node_modules/@fluentui/react-dialog/lib/components/DialogActions/DialogActions.js (1:0): Module level directives cause errors when bundled, "use client" in "node_modules/@fluentui/react-dialog/lib/components/DialogActions/DialogActions.js" was ignored.
node_modules/@fluentui/react-dialog/lib/components/DialogActions/useDialogActionsStyles.styles.js (1:0): Module level directives cause errors when bundled, "use client" in "node_modules/@fluentui/react-dialog/lib/components/DialogActions/useDialogActionsStyles.styles.js" was ignored.
node_modules/@fluentui/react-positioning/lib/hooks/useSafeZoneArea/SafeZoneArea.styles.js (1:0): Module level directives cause errors when bundled, "use client" in "node_modules/@fluentui/react-positioning/lib/hooks/useSafeZoneArea/SafeZoneArea.styles.js" was ignored.
node_modules/@fluentui/react-dialog/lib/components/DialogBody/DialogBody.js (1:0): Module level directives cause errors when bundled, "use client" in "node_modules/@fluentui/react-dialog/lib/components/DialogBody/DialogBody.js" was ignored.
node_modules/@fluentui/react-dialog/lib/components/Dialog/Dialog.js (1:0): Module level directives cause errors when bundled, "use client" in "node_modules/@fluentui/react-dialog/lib/components/Dialog/Dialog.js" was ignored.
node_modules/@fluentui/react-dialog/lib/components/DialogSurface/DialogSurface.js (1:0): Module level directives cause errors when bundled, "use client" in "node_modules/@fluentui/react-dialog/lib/components/DialogSurface/DialogSurface.js" was ignored.
node_modules/@fluentui/react-dialog/lib/components/DialogBody/useDialogBodyStyles.styles.js (1:0): Module level directives cause errors when bundled, "use client" in "node_modules/@fluentui/react-dialog/lib/components/DialogBody/useDialogBodyStyles.styles.js" was ignored.
node_modules/@fluentui/react-dialog/lib/components/DialogSurface/useDialogSurface.js (1:0): Module level directives cause errors when bundled, "use client" in "node_modules/@fluentui/react-dialog/lib/components/DialogSurface/useDialogSurface.js" was ignored.
node_modules/@fluentui/react-dialog/lib/components/DialogSurface/useDialogSurfaceStyles.styles.js (1:0): Module level directives cause errors when bundled, "use client" in "node_modules/@fluentui/react-dialog/lib/components/DialogSurface/useDialogSurfaceStyles.styles.js" was ignored.
node_modules/@fluentui/react-dialog/lib/components/DialogContent/DialogContent.js (1:0): Module level directives cause errors when bundled, "use client" in "node_modules/@fluentui/react-dialog/lib/components/DialogContent/DialogContent.js" was ignored.
node_modules/@fluentui/react-dialog/lib/components/DialogContent/useDialogContentStyles.styles.js (1:0): Module level directives cause errors when bundled, "use client" in "node_modules/@fluentui/react-dialog/lib/components/DialogContent/useDialogContentStyles.styles.js" was ignored.
node_modules/@fluentui/react-dialog/lib/components/DialogTitle/useDialogTitle.js (1:0): Module level directives cause errors when bundled, "use client" in "node_modules/@fluentui/react-dialog/lib/components/DialogTitle/useDialogTitle.js" was ignored.
node_modules/@fluentui/react-progress/lib/components/ProgressBar/ProgressBar.js (1:0): Module level directives cause errors when bundled, "use client" in "node_modules/@fluentui/react-progress/lib/components/ProgressBar/ProgressBar.js" was ignored.
node_modules/@fluentui/react-dialog/lib/components/DialogTitle/useDialogTitleStyles.styles.js (1:0): Module level directives cause errors when bundled, "use client" in "node_modules/@fluentui/react-dialog/lib/components/DialogTitle/useDialogTitleStyles.styles.js" was ignored.
node_modules/@fluentui/react-progress/lib/components/ProgressBar/useProgressBar.js (1:0): Module level directives cause errors when bundled, "use client" in "node_modules/@fluentui/react-progress/lib/components/ProgressBar/useProgressBar.js" was ignored.
node_modules/@fluentui/react-dialog/lib/components/DialogTitle/DialogTitle.js (1:0): Module level directives cause errors when bundled, "use client" in "node_modules/@fluentui/react-dialog/lib/components/DialogTitle/DialogTitle.js" was ignored.
node_modules/@fluentui/react-progress/lib/components/ProgressBar/useProgressBarStyles.styles.js (1:0): Module level directives cause errors when bundled, "use client" in "node_modules/@fluentui/react-progress/lib/components/ProgressBar/useProgressBarStyles.styles.js" was ignored.
node_modules/@fluentui/react-toolbar/lib/components/Toolbar/useToolbar.js (1:0): Module level directives cause errors when bundled, "use client" in "node_modules/@fluentui/react-toolbar/lib/components/Toolbar/useToolbar.js" was ignored.
node_modules/@fluentui/react-toolbar/lib/components/Toolbar/ToolbarContext.js (1:0): Module level directives cause errors when bundled, "use client" in "node_modules/@fluentui/react-toolbar/lib/components/Toolbar/ToolbarContext.js" was ignored.
node_modules/@fluentui/react-toolbar/lib/components/Toolbar/useToolbarStyles.styles.js (1:0): Module level directives cause errors when bundled, "use client" in "node_modules/@fluentui/react-toolbar/lib/components/Toolbar/useToolbarStyles.styles.js" was ignored.
node_modules/@fluentui/react-toolbar/lib/components/Toolbar/Toolbar.js (1:0): Module level directives cause errors when bundled, "use client" in "node_modules/@fluentui/react-toolbar/lib/components/Toolbar/Toolbar.js" was ignored.
node_modules/@fluentui/react-toolbar/lib/components/Toolbar/useToolbarContextValues.js (1:0): Module level directives cause errors when bundled, "use client" in "node_modules/@fluentui/react-toolbar/lib/components/Toolbar/useToolbarContextValues.js" was ignored.
node_modules/@fluentui/react-toolbar/lib/components/ToolbarDivider/ToolbarDivider.js (1:0): Module level directives cause errors when bundled, "use client" in "node_modules/@fluentui/react-toolbar/lib/components/ToolbarDivider/ToolbarDivider.js" was ignored.
node_modules/@fluentui/react-toolbar/lib/components/ToolbarDivider/useToolbarDividerStyles.styles.js (1:0): Module level directives cause errors when bundled, "use client" in "node_modules/@fluentui/react-toolbar/lib/components/ToolbarDivider/useToolbarDividerStyles.styles.js" was ignored.
node_modules/@fluentui/react-toolbar/lib/components/ToolbarToggleButton/useToolbarToggleButton.js (1:0): Module level directives cause errors when bundled, "use client" in "node_modules/@fluentui/react-toolbar/lib/components/ToolbarToggleButton/useToolbarToggleButton.js" was ignored.
node_modules/@fluentui/react-toolbar/lib/components/ToolbarRadioGroup/ToolbarRadioGroup.js (1:0): Module level directives cause errors when bundled, "use client" in "node_modules/@fluentui/react-toolbar/lib/components/ToolbarRadioGroup/ToolbarRadioGroup.js" was ignored.
node_modules/@fluentui/react-toolbar/lib/components/ToolbarToggleButton/ToolbarToggleButton.js (1:0): Module level directives cause errors when bundled, "use client" in "node_modules/@fluentui/react-toolbar/lib/components/ToolbarToggleButton/ToolbarToggleButton.js" was ignored.
node_modules/@fluentui/react-field/lib/components/Field/Field.js (1:0): Module level directives cause errors when bundled, "use client" in "node_modules/@fluentui/react-field/lib/components/Field/Field.js" was ignored.
node_modules/@fluentui/react-text/lib/components/presets/Caption1/useCaption1Styles.styles.js (1:0): Module level directives cause errors when bundled, "use client" in "node_modules/@fluentui/react-text/lib/components/presets/Caption1/useCaption1Styles.styles.js" was ignored.
node_modules/@fluentui/react-field/lib/components/Field/useField.js (1:0): Module level directives cause errors when bundled, "use client" in "node_modules/@fluentui/react-field/lib/components/Field/useField.js" was ignored.
node_modules/@fluentui/react-toolbar/lib/components/ToolbarToggleButton/useToolbarToggleButtonStyles.styles.js (1:0): Module level directives cause errors when bundled, "use client" in "node_modules/@fluentui/react-toolbar/lib/components/ToolbarToggleButton/useToolbarToggleButtonStyles.styles.js" was ignored.
node_modules/@fluentui/react-field/lib/components/Field/useFieldStyles.styles.js (1:0): Module level directives cause errors when bundled, "use client" in "node_modules/@fluentui/react-field/lib/components/Field/useFieldStyles.styles.js" was ignored.
node_modules/@fluentui/react-toolbar/lib/components/ToolbarRadioButton/useToolbarRadioButtonStyles.styles.js (1:0): Module level directives cause errors when bundled, "use client" in "node_modules/@fluentui/react-toolbar/lib/components/ToolbarRadioButton/useToolbarRadioButtonStyles.styles.js" was ignored.
node_modules/@fluentui/react-toolbar/lib/components/ToolbarRadioButton/useToolbarRadioButton.js (1:0): Module level directives cause errors when bundled, "use client" in "node_modules/@fluentui/react-toolbar/lib/components/ToolbarRadioButton/useToolbarRadioButton.js" was ignored.
node_modules/@fluentui/react-toolbar/lib/components/ToolbarButton/ToolbarButton.js (1:0): Module level directives cause errors when bundled, "use client" in "node_modules/@fluentui/react-toolbar/lib/components/ToolbarButton/ToolbarButton.js" was ignored.
node_modules/@fluentui/react-toolbar/lib/components/ToolbarButton/useToolbarButton.js (1:0): Module level directives cause errors when bundled, "use client" in "node_modules/@fluentui/react-toolbar/lib/components/ToolbarButton/useToolbarButton.js" was ignored.
node_modules/@fluentui/react-toolbar/lib/components/ToolbarRadioButton/ToolbarRadioButton.js (1:0): Module level directives cause errors when bundled, "use client" in "node_modules/@fluentui/react-toolbar/lib/components/ToolbarRadioButton/ToolbarRadioButton.js" was ignored.
node_modules/@fluentui/react-toolbar/lib/components/ToolbarGroup/useToolbarGroup.js (1:0): Module level directives cause errors when bundled, "use client" in "node_modules/@fluentui/react-toolbar/lib/components/ToolbarGroup/useToolbarGroup.js" was ignored.
node_modules/@fluentui/react-toolbar/lib/components/ToolbarButton/useToolbarButtonStyles.styles.js (1:0): Module level directives cause errors when bundled, "use client" in "node_modules/@fluentui/react-toolbar/lib/components/ToolbarButton/useToolbarButtonStyles.styles.js" was ignored.
node_modules/@fluentui/react-toolbar/lib/components/ToolbarGroup/ToolbarGroup.js (1:0): Module level directives cause errors when bundled, "use client" in "node_modules/@fluentui/react-toolbar/lib/components/ToolbarGroup/ToolbarGroup.js" was ignored.
node_modules/@fluentui/react-toolbar/lib/components/ToolbarGroup/useToolbarGroupStyles.styles.js (1:0): Module level directives cause errors when bundled, "use client" in "node_modules/@fluentui/react-toolbar/lib/components/ToolbarGroup/useToolbarGroupStyles.styles.js" was ignored.
node_modules/@fluentui/react-card/lib/components/CardPreview/CardPreview.js (1:0): Module level directives cause errors when bundled, "use client" in "node_modules/@fluentui/react-card/lib/components/CardPreview/CardPreview.js" was ignored.
node_modules/@fluentui/react-card/lib/components/CardPreview/useCardPreview.js (1:0): Module level directives cause errors when bundled, "use client" in "node_modules/@fluentui/react-card/lib/components/CardPreview/useCardPreview.js" was ignored.
node_modules/@fluentui/react-card/lib/components/CardPreview/useCardPreviewStyles.styles.js (1:0): Module level directives cause errors when bundled, "use client" in "node_modules/@fluentui/react-card/lib/components/CardPreview/useCardPreviewStyles.styles.js" was ignored.
node_modules/@fluentui/react-card/lib/components/Card/Card.js (1:0): Module level directives cause errors when bundled, "use client" in "node_modules/@fluentui/react-card/lib/components/Card/Card.js" was ignored.
node_modules/@fluentui/react-card/lib/components/Card/CardContext.js (1:0): Module level directives cause errors when bundled, "use client" in "node_modules/@fluentui/react-card/lib/components/Card/CardContext.js" was ignored.
node_modules/@fluentui/react-card/lib/components/Card/useCard.js (1:0): Module level directives cause errors when bundled, "use client" in "node_modules/@fluentui/react-card/lib/components/Card/useCard.js" was ignored.
node_modules/@fluentui/react-card/lib/components/Card/useCardStyles.styles.js (1:0): Module level directives cause errors when bundled, "use client" in "node_modules/@fluentui/react-card/lib/components/Card/useCardStyles.styles.js" was ignored.
node_modules/@fluentui/react-checkbox/lib/components/Checkbox/Checkbox.js (1:0): Module level directives cause errors when bundled, "use client" in "node_modules/@fluentui/react-checkbox/lib/components/Checkbox/Checkbox.js" was ignored.
node_modules/@fluentui/react-checkbox/lib/components/Checkbox/useCheckbox.js (1:0): Module level directives cause errors when bundled, "use client" in "node_modules/@fluentui/react-checkbox/lib/components/Checkbox/useCheckbox.js" was ignored.
node_modules/@fluentui/react-table/lib/components/Table/Table.js (1:0): Module level directives cause errors when bundled, "use client" in "node_modules/@fluentui/react-table/lib/components/Table/Table.js" was ignored.
node_modules/@fluentui/react-checkbox/lib/components/Checkbox/useCheckboxStyles.styles.js (1:0): Module level directives cause errors when bundled, "use client" in "node_modules/@fluentui/react-checkbox/lib/components/Checkbox/useCheckboxStyles.styles.js" was ignored.
node_modules/@fluentui/react-table/lib/components/Table/useTableStyles.styles.js (1:0): Module level directives cause errors when bundled, "use client" in "node_modules/@fluentui/react-table/lib/components/Table/useTableStyles.styles.js" was ignored.
node_modules/@fluentui/react-table/lib/hooks/useMeasureElement.js (1:0): Module level directives cause errors when bundled, "use client" in "node_modules/@fluentui/react-table/lib/hooks/useMeasureElement.js" was ignored.
node_modules/@fluentui/react-table/lib/hooks/useKeyboardResizing.js (1:0): Module level directives cause errors when bundled, "use client" in "node_modules/@fluentui/react-table/lib/hooks/useKeyboardResizing.js" was ignored.
node_modules/@fluentui/react-table/lib/hooks/useTableColumnResizeState.js (1:0): Module level directives cause errors when bundled, "use client" in "node_modules/@fluentui/react-table/lib/hooks/useTableColumnResizeState.js" was ignored.
node_modules/@fluentui/react-table/lib/hooks/useTableColumnResizeMouseHandler.js (1:0): Module level directives cause errors when bundled, "use client" in "node_modules/@fluentui/react-table/lib/hooks/useTableColumnResizeMouseHandler.js" was ignored.
node_modules/@fluentui/react-table/lib/components/TableBody/TableBody.js (1:0): Module level directives cause errors when bundled, "use client" in "node_modules/@fluentui/react-table/lib/components/TableBody/TableBody.js" was ignored.
node_modules/@fluentui/react-table/lib/components/TableBody/useTableBodyStyles.styles.js (1:0): Module level directives cause errors when bundled, "use client" in "node_modules/@fluentui/react-table/lib/components/TableBody/useTableBodyStyles.styles.js" was ignored.
node_modules/@fluentui/react-table/lib/components/TableBody/useTableBody.js (1:0): Module level directives cause errors when bundled, "use client" in "node_modules/@fluentui/react-table/lib/components/TableBody/useTableBody.js" was ignored.
node_modules/@fluentui/react-card/lib/components/CardFooter/CardFooter.js (1:0): Module level directives cause errors when bundled, "use client" in "node_modules/@fluentui/react-card/lib/components/CardFooter/CardFooter.js" was ignored.
node_modules/@fluentui/react-card/lib/components/CardFooter/useCardFooter.js (1:0): Module level directives cause errors when bundled, "use client" in "node_modules/@fluentui/react-card/lib/components/CardFooter/useCardFooter.js" was ignored.
node_modules/@fluentui/react-table/lib/components/TableHeader/TableHeader.js (1:0): Module level directives cause errors when bundled, "use client" in "node_modules/@fluentui/react-table/lib/components/TableHeader/TableHeader.js" was ignored.
node_modules/@fluentui/react-card/lib/components/CardFooter/useCardFooterStyles.styles.js (1:0): Module level directives cause errors when bundled, "use client" in "node_modules/@fluentui/react-card/lib/components/CardFooter/useCardFooterStyles.styles.js" was ignored.
node_modules/@fluentui/react-table/lib/components/TableHeader/useTableHeaderStyles.styles.js (1:0): Module level directives cause errors when bundled, "use client" in "node_modules/@fluentui/react-table/lib/components/TableHeader/useTableHeaderStyles.styles.js" was ignored.
node_modules/@fluentui/react-table/lib/components/TableHeader/useTableHeader.js (1:0): Module level directives cause errors when bundled, "use client" in "node_modules/@fluentui/react-table/lib/components/TableHeader/useTableHeader.js" was ignored.
node_modules/@fluentui/react-table/lib/components/TableCell/useTableCell.js (1:0): Module level directives cause errors when bundled, "use client" in "node_modules/@fluentui/react-table/lib/components/TableCell/useTableCell.js" was ignored.
node_modules/@fluentui/react-table/lib/components/TableCell/useTableCellStyles.styles.js (1:0): Module level directives cause errors when bundled, "use client" in "node_modules/@fluentui/react-table/lib/components/TableCell/useTableCellStyles.styles.js" was ignored.
node_modules/@fluentui/react-table/lib/components/TableCell/TableCell.js (1:0): Module level directives cause errors when bundled, "use client" in "node_modules/@fluentui/react-table/lib/components/TableCell/TableCell.js" was ignored.
node_modules/@fluentui/react-table/lib/components/TableRow/TableRow.js (1:0): Module level directives cause errors when bundled, "use client" in "node_modules/@fluentui/react-table/lib/components/TableRow/TableRow.js" was ignored.
node_modules/@fluentui/react-table/lib/components/TableHeaderCell/useTableHeaderCellStyles.styles.js (1:0): Module level directives cause errors when bundled, "use client" in "node_modules/@fluentui/react-table/lib/components/TableHeaderCell/useTableHeaderCellStyles.styles.js" was ignored.
node_modules/@fluentui/react-table/lib/components/TableHeaderCell/TableHeaderCell.js (1:0): Module level directives cause errors when bundled, "use client" in "node_modules/@fluentui/react-table/lib/components/TableHeaderCell/TableHeaderCell.js" was ignored.
node_modules/@fluentui/react-toolbar/lib/components/ToolbarDivider/useToolbarDivider.js (1:0): Module level directives cause errors when bundled, "use client" in "node_modules/@fluentui/react-toolbar/lib/components/ToolbarDivider/useToolbarDivider.js" was ignored.
node_modules/@fluentui/react-table/lib/components/TableRow/useTableRowStyles.styles.js (1:0): Module level directives cause errors when bundled, "use client" in "node_modules/@fluentui/react-table/lib/components/TableRow/useTableRowStyles.styles.js" was ignored.
node_modules/@fluentui/react-table/lib/components/TableResizeHandle/useTableResizeHandle.js (1:0): Module level directives cause errors when bundled, "use client" in "node_modules/@fluentui/react-table/lib/components/TableResizeHandle/useTableResizeHandle.js" was ignored.
node_modules/@fluentui/react-table/lib/components/TableRow/useTableRow.js (1:0): Module level directives cause errors when bundled, "use client" in "node_modules/@fluentui/react-table/lib/components/TableRow/useTableRow.js" was ignored.
node_modules/@fluentui/react-table/lib/components/TableResizeHandle/useTableResizeHandleStyles.styles.js (1:0): Module level directives cause errors when bundled, "use client" in "node_modules/@fluentui/react-table/lib/components/TableResizeHandle/useTableResizeHandleStyles.styles.js" was ignored.
node_modules/@fluentui/react-table/lib/components/TableCellActions/useTableCellActionsStyles.styles.js (1:0): Module level directives cause errors when bundled, "use client" in "node_modules/@fluentui/react-table/lib/components/TableCellActions/useTableCellActionsStyles.styles.js" was ignored.
node_modules/@fluentui/react-table/lib/components/TableResizeHandle/TableResizeHandle.js (1:0): Module level directives cause errors when bundled, "use client" in "node_modules/@fluentui/react-table/lib/components/TableResizeHandle/TableResizeHandle.js" was ignored.
node_modules/@fluentui/react-table/lib/components/TableCellActions/TableCellActions.js (1:0): Module level directives cause errors when bundled, "use client" in "node_modules/@fluentui/react-table/lib/components/TableCellActions/TableCellActions.js" was ignored.
node_modules/@fluentui/react-table/lib/components/TableHeaderCell/useTableHeaderCell.js (1:0): Module level directives cause errors when bundled, "use client" in "node_modules/@fluentui/react-table/lib/components/TableHeaderCell/useTableHeaderCell.js" was ignored.
node_modules/@fluentui/react-table/lib/components/TableCellLayout/TableCellLayout.js (1:0): Module level directives cause errors when bundled, "use client" in "node_modules/@fluentui/react-table/lib/components/TableCellLayout/TableCellLayout.js" was ignored.
node_modules/@fluentui/react-table/lib/components/TableCellLayout/useTableCellLayout.js (1:0): Module level directives cause errors when bundled, "use client" in "node_modules/@fluentui/react-table/lib/components/TableCellLayout/useTableCellLayout.js" was ignored.
node_modules/@fluentui/react-table/lib/components/TableSelectionCell/TableSelectionCell.js (1:0): Module level directives cause errors when bundled, "use client" in "node_modules/@fluentui/react-table/lib/components/TableSelectionCell/TableSelectionCell.js" was ignored.
node_modules/@fluentui/react-table/lib/components/TableCellLayout/useTableCellLayoutStyles.styles.js (1:0): Module level directives cause errors when bundled, "use client" in "node_modules/@fluentui/react-table/lib/components/TableCellLayout/useTableCellLayoutStyles.styles.js" was ignored.
node_modules/@fluentui/react-table/lib/components/TableSelectionCell/useTableSelectionCell.js (1:0): Module level directives cause errors when bundled, "use client" in "node_modules/@fluentui/react-table/lib/components/TableSelectionCell/useTableSelectionCell.js" was ignored.
node_modules/@fluentui/react-table/lib/components/TableSelectionCell/useTableSelectionCellStyles.styles.js (1:0): Module level directives cause errors when bundled, "use client" in "node_modules/@fluentui/react-table/lib/components/TableSelectionCell/useTableSelectionCellStyles.styles.js" was ignored.
node_modules/@fluentui/react-table/lib/components/DataGridRow/useDataGridRowStyles.styles.js (1:0): Module level directives cause errors when bundled, "use client" in "node_modules/@fluentui/react-table/lib/components/DataGridRow/useDataGridRowStyles.styles.js" was ignored.
node_modules/@fluentui/react-table/lib/components/DataGridRow/DataGridRow.js (1:0): Module level directives cause errors when bundled, "use client" in "node_modules/@fluentui/react-table/lib/components/DataGridRow/DataGridRow.js" was ignored.
node_modules/@fluentui/react-table/lib/components/DataGridRow/useDataGridRow.js (1:0): Module level directives cause errors when bundled, "use client" in "node_modules/@fluentui/react-table/lib/components/DataGridRow/useDataGridRow.js" was ignored.
node_modules/@fluentui/react-table/lib/components/DataGridCell/DataGridCell.js (1:0): Module level directives cause errors when bundled, "use client" in "node_modules/@fluentui/react-table/lib/components/DataGridCell/DataGridCell.js" was ignored.
node_modules/@fluentui/react-table/lib/components/DataGridCell/useDataGridCell.js (1:0): Module level directives cause errors when bundled, "use client" in "node_modules/@fluentui/react-table/lib/components/DataGridCell/useDataGridCell.js" was ignored.
node_modules/@fluentui/react-table/lib/components/DataGridCell/useDataGridCellStyles.styles.js (1:0): Module level directives cause errors when bundled, "use client" in "node_modules/@fluentui/react-table/lib/components/DataGridCell/useDataGridCellStyles.styles.js" was ignored.
node_modules/@fluentui/react-card/lib/components/CardHeader/useCardHeader.js (1:0): Module level directives cause errors when bundled, "use client" in "node_modules/@fluentui/react-card/lib/components/CardHeader/useCardHeader.js" was ignored.
node_modules/@fluentui/react-card/lib/components/CardHeader/useCardHeaderStyles.styles.js (1:0): Module level directives cause errors when bundled, "use client" in "node_modules/@fluentui/react-card/lib/components/CardHeader/useCardHeaderStyles.styles.js" was ignored.
node_modules/@fluentui/react-card/lib/components/CardHeader/CardHeader.js (1:0): Module level directives cause errors when bundled, "use client" in "node_modules/@fluentui/react-card/lib/components/CardHeader/CardHeader.js" was ignored.
node_modules/@fluentui/react-table/lib/components/DataGridBody/DataGridBody.js (1:0): Module level directives cause errors when bundled, "use client" in "node_modules/@fluentui/react-table/lib/components/DataGridBody/DataGridBody.js" was ignored.
node_modules/@fluentui/react-table/lib/components/DataGridBody/useDataGridBody.js (1:0): Module level directives cause errors when bundled, "use client" in "node_modules/@fluentui/react-table/lib/components/DataGridBody/useDataGridBody.js" was ignored.
node_modules/@fluentui/react-table/lib/components/DataGridBody/useDataGridBodyStyles.styles.js (1:0): Module level directives cause errors when bundled, "use client" in "node_modules/@fluentui/react-table/lib/components/DataGridBody/useDataGridBodyStyles.styles.js" was ignored.
node_modules/@fluentui/react-table/lib/components/DataGridHeader/DataGridHeader.js (1:0): Module level directives cause errors when bundled, "use client" in "node_modules/@fluentui/react-table/lib/components/DataGridHeader/DataGridHeader.js" was ignored.
node_modules/@fluentui/react-table/lib/components/DataGridHeader/useDataGridHeader.js (1:0): Module level directives cause errors when bundled, "use client" in "node_modules/@fluentui/react-table/lib/components/DataGridHeader/useDataGridHeader.js" was ignored.
node_modules/@fluentui/react-table/lib/components/DataGridHeader/useDataGridHeaderStyles.styles.js (1:0): Module level directives cause errors when bundled, "use client" in "node_modules/@fluentui/react-table/lib/components/DataGridHeader/useDataGridHeaderStyles.styles.js" was ignored.
node_modules/@fluentui/react-table/lib/components/DataGridSelectionCell/DataGridSelectionCell.js (1:0): Module level directives cause errors when bundled, "use client" in "node_modules/@fluentui/react-table/lib/components/DataGridSelectionCell/DataGridSelectionCell.js" was ignored.
node_modules/@fluentui/react-table/lib/components/DataGridSelectionCell/useDataGridSelectionCell.js (1:0): Module level directives cause errors when bundled, "use client" in "node_modules/@fluentui/react-table/lib/components/DataGridSelectionCell/useDataGridSelectionCell.js" was ignored.
node_modules/@fluentui/react-table/lib/components/DataGridSelectionCell/useDataGridSelectionCellStyles.styles.js (1:0): Module level directives cause errors when bundled, "use client" in "node_modules/@fluentui/react-table/lib/components/DataGridSelectionCell/useDataGridSelectionCellStyles.styles.js" was ignored.
node_modules/@fluentui/react-table/lib/components/DataGridHeaderCell/DataGridHeaderCell.js (1:0): Module level directives cause errors when bundled, "use client" in "node_modules/@fluentui/react-table/lib/components/DataGridHeaderCell/DataGridHeaderCell.js" was ignored.
node_modules/@fluentui/react-table/lib/components/DataGridHeaderCell/useDataGridHeaderCell.js (1:0): Module level directives cause errors when bundled, "use client" in "node_modules/@fluentui/react-table/lib/components/DataGridHeaderCell/useDataGridHeaderCell.js" was ignored.
node_modules/@fluentui/react-table/lib/components/DataGridHeaderCell/useDataGridHeaderCellStyles.styles.js (1:0): Module level directives cause errors when bundled, "use client" in "node_modules/@fluentui/react-table/lib/components/DataGridHeaderCell/useDataGridHeaderCellStyles.styles.js" was ignored.
node_modules/@fluentui/react-toast/lib/components/Toaster/Toaster.js (1:0): Module level directives cause errors when bundled, "use client" in "node_modules/@fluentui/react-toast/lib/components/Toaster/Toaster.js" was ignored.
node_modules/@fluentui/react-toast/lib/components/Toaster/useToaster.js (1:0): Module level directives cause errors when bundled, "use client" in "node_modules/@fluentui/react-toast/lib/components/Toaster/useToaster.js" was ignored.
node_modules/@fluentui/react-toast/lib/components/Toaster/useToastAnnounce.js (1:0): Module level directives cause errors when bundled, "use client" in "node_modules/@fluentui/react-toast/lib/components/Toaster/useToastAnnounce.js" was ignored.
node_modules/@fluentui/react-toast/lib/components/Toaster/useToasterStyles.styles.js (1:0): Module level directives cause errors when bundled, "use client" in "node_modules/@fluentui/react-toast/lib/components/Toaster/useToasterStyles.styles.js" was ignored.
node_modules/@fluentui/react-toast/lib/components/ToastTrigger/useToastTrigger.js (1:0): Module level directives cause errors when bundled, "use client" in "node_modules/@fluentui/react-toast/lib/components/ToastTrigger/useToastTrigger.js" was ignored.
node_modules/@fluentui/react-toast/lib/components/ToastTrigger/ToastTrigger.js (1:0): Module level directives cause errors when bundled, "use client" in "node_modules/@fluentui/react-toast/lib/components/ToastTrigger/ToastTrigger.js" was ignored.
node_modules/@fluentui/react-toast/lib/components/ToastBody/useToastBodyStyles.styles.js (1:0): Module level directives cause errors when bundled, "use client" in "node_modules/@fluentui/react-toast/lib/components/ToastBody/useToastBodyStyles.styles.js" was ignored.
node_modules/@fluentui/react-toast/lib/components/ToastBody/useToastBody.js (1:0): Module level directives cause errors when bundled, "use client" in "node_modules/@fluentui/react-toast/lib/components/ToastBody/useToastBody.js" was ignored.
node_modules/@fluentui/react-toast/lib/components/ToastContainer/ToastContainer.js (1:0): Module level directives cause errors when bundled, "use client" in "node_modules/@fluentui/react-toast/lib/components/ToastContainer/ToastContainer.js" was ignored.
node_modules/@fluentui/react-toast/lib/components/ToastBody/ToastBody.js (1:0): Module level directives cause errors when bundled, "use client" in "node_modules/@fluentui/react-toast/lib/components/ToastBody/ToastBody.js" was ignored.
node_modules/@fluentui/react-toast/lib/components/ToastContainer/renderToastContainer.js (1:2): Module level directives cause errors when bundled, "use client" in "node_modules/@fluentui/react-toast/lib/components/ToastContainer/renderToastContainer.js" was ignored.
node_modules/@fluentui/react-toast/lib/components/ToastContainer/useToastContainerStyles.styles.js (1:0): Module level directives cause errors when bundled, "use client" in "node_modules/@fluentui/react-toast/lib/components/ToastContainer/useToastContainerStyles.styles.js" was ignored.
node_modules/@fluentui/react-toast/lib/components/ToastContainer/useToastContainerContextValues.js (1:0): Module level directives cause errors when bundled, "use client" in "node_modules/@fluentui/react-toast/lib/components/ToastContainer/useToastContainerContextValues.js" was ignored.
node_modules/@fluentui/react-table/lib/components/DataGrid/DataGrid.js (1:0): Module level directives cause errors when bundled, "use client" in "node_modules/@fluentui/react-table/lib/components/DataGrid/DataGrid.js" was ignored.
node_modules/@fluentui/react-toast/lib/components/ToastContainer/useToastContainer.js (1:0): Module level directives cause errors when bundled, "use client" in "node_modules/@fluentui/react-toast/lib/components/ToastContainer/useToastContainer.js" was ignored.
node_modules/@fluentui/react-table/lib/components/DataGrid/useDataGridStyles.styles.js (1:0): Module level directives cause errors when bundled, "use client" in "node_modules/@fluentui/react-table/lib/components/DataGrid/useDataGridStyles.styles.js" was ignored.
node_modules/@fluentui/react-table/lib/components/DataGrid/useDataGrid.js (1:0): Module level directives cause errors when bundled, "use client" in "node_modules/@fluentui/react-table/lib/components/DataGrid/useDataGrid.js" was ignored.
node_modules/@fluentui/react-tags/lib/components/Tag/useTagStyles.styles.js (1:0): Module level directives cause errors when bundled, "use client" in "node_modules/@fluentui/react-tags/lib/components/Tag/useTagStyles.styles.js" was ignored.
node_modules/@fluentui/react-table/lib/components/DataGrid/useDataGridContextValues.js (1:0): Module level directives cause errors when bundled, "use client" in "node_modules/@fluentui/react-table/lib/components/DataGrid/useDataGridContextValues.js" was ignored.
node_modules/@fluentui/react-tags/lib/components/Tag/useTag.js (1:0): Module level directives cause errors when bundled, "use client" in "node_modules/@fluentui/react-tags/lib/components/Tag/useTag.js" was ignored.
node_modules/@fluentui/react-tags/lib/components/Tag/Tag.js (1:0): Module level directives cause errors when bundled, "use client" in "node_modules/@fluentui/react-tags/lib/components/Tag/Tag.js" was ignored.
node_modules/@fluentui/react-toast/lib/components/Toast/Toast.js (1:0): Module level directives cause errors when bundled, "use client" in "node_modules/@fluentui/react-toast/lib/components/Toast/Toast.js" was ignored.
node_modules/@fluentui/react-toast/lib/components/Toast/useToast.js (1:0): Module level directives cause errors when bundled, "use client" in "node_modules/@fluentui/react-toast/lib/components/Toast/useToast.js" was ignored.
node_modules/@fluentui/react-toast/lib/components/Toast/useToastStyles.styles.js (1:0): Module level directives cause errors when bundled, "use client" in "node_modules/@fluentui/react-toast/lib/components/Toast/useToastStyles.styles.js" was ignored.
node_modules/@fluentui/react-toast/lib/components/ToastFooter/useToastFooterStyles.styles.js (1:0): Module level directives cause errors when bundled, "use client" in "node_modules/@fluentui/react-toast/lib/components/ToastFooter/useToastFooterStyles.styles.js" was ignored.
node_modules/@fluentui/react-tags/lib/components/InteractionTagSecondary/useInteractionTagSecondaryStyles.styles.js (1:0): Module level directives cause errors when bundled, "use client" in "node_modules/@fluentui/react-tags/lib/components/InteractionTagSecondary/useInteractionTagSecondaryStyles.styles.js" was ignored.
node_modules/@fluentui/react-tags/lib/components/InteractionTagSecondary/InteractionTagSecondary.js (1:0): Module level directives cause errors when bundled, "use client" in "node_modules/@fluentui/react-tags/lib/components/InteractionTagSecondary/InteractionTagSecondary.js" was ignored.
node_modules/@fluentui/react-tags/lib/components/InteractionTagSecondary/useInteractionTagSecondary.js (1:0): Module level directives cause errors when bundled, "use client" in "node_modules/@fluentui/react-tags/lib/components/InteractionTagSecondary/useInteractionTagSecondary.js" was ignored.
node_modules/@fluentui/react-toast/lib/components/ToastFooter/ToastFooter.js (1:0): Module level directives cause errors when bundled, "use client" in "node_modules/@fluentui/react-toast/lib/components/ToastFooter/ToastFooter.js" was ignored.
node_modules/@fluentui/react-tags/lib/components/InteractionTagPrimary/InteractionTagPrimary.js (1:0): Module level directives cause errors when bundled, "use client" in "node_modules/@fluentui/react-tags/lib/components/InteractionTagPrimary/InteractionTagPrimary.js" was ignored.
node_modules/@fluentui/react-tags/lib/components/InteractionTagPrimary/useInteractionTagPrimary.js (1:0): Module level directives cause errors when bundled, "use client" in "node_modules/@fluentui/react-tags/lib/components/InteractionTagPrimary/useInteractionTagPrimary.js" was ignored.
node_modules/@fluentui/react-tags/lib/components/InteractionTag/InteractionTag.js (1:0): Module level directives cause errors when bundled, "use client" in "node_modules/@fluentui/react-tags/lib/components/InteractionTag/InteractionTag.js" was ignored.
node_modules/@fluentui/react-tags/lib/components/InteractionTagPrimary/useInteractionTagPrimaryStyles.styles.js (1:0): Module level directives cause errors when bundled, "use client" in "node_modules/@fluentui/react-tags/lib/components/InteractionTagPrimary/useInteractionTagPrimaryStyles.styles.js" was ignored.
node_modules/@fluentui/react-tags/lib/components/InteractionTag/useInteractionTagStyles.styles.js (1:0): Module level directives cause errors when bundled, "use client" in "node_modules/@fluentui/react-tags/lib/components/InteractionTag/useInteractionTagStyles.styles.js" was ignored.
node_modules/@fluentui/react-tags/lib/components/InteractionTag/useInteractionTag.js (1:0): Module level directives cause errors when bundled, "use client" in "node_modules/@fluentui/react-tags/lib/components/InteractionTag/useInteractionTag.js" was ignored.
node_modules/@fluentui/react-tags/lib/components/TagGroup/useTagGroup.js (1:0): Module level directives cause errors when bundled, "use client" in "node_modules/@fluentui/react-tags/lib/components/TagGroup/useTagGroup.js" was ignored.
node_modules/@fluentui/react-tags/lib/components/InteractionTag/useInteractionTagContextValues.js (1:0): Module level directives cause errors when bundled, "use client" in "node_modules/@fluentui/react-tags/lib/components/InteractionTag/useInteractionTagContextValues.js" was ignored.
node_modules/@fluentui/react-tags/lib/components/TagGroup/useTagGroupStyles.styles.js (1:0): Module level directives cause errors when bundled, "use client" in "node_modules/@fluentui/react-tags/lib/components/TagGroup/useTagGroupStyles.styles.js" was ignored.
node_modules/@fluentui/react-tree/lib/components/FlatTree/FlatTree.js (1:0): Module level directives cause errors when bundled, "use client" in "node_modules/@fluentui/react-tree/lib/components/FlatTree/FlatTree.js" was ignored.
node_modules/@fluentui/react-tags/lib/components/TagGroup/TagGroup.js (1:0): Module level directives cause errors when bundled, "use client" in "node_modules/@fluentui/react-tags/lib/components/TagGroup/TagGroup.js" was ignored.
node_modules/@fluentui/react-tree/lib/components/FlatTree/useFlatTreeContextValues.js (1:0): Module level directives cause errors when bundled, "use client" in "node_modules/@fluentui/react-tree/lib/components/FlatTree/useFlatTreeContextValues.js" was ignored.
node_modules/@fluentui/react-tags/lib/components/TagGroup/useTagGroupContextValues.js (1:0): Module level directives cause errors when bundled, "use client" in "node_modules/@fluentui/react-tags/lib/components/TagGroup/useTagGroupContextValues.js" was ignored.
node_modules/@fluentui/react-tree/lib/components/FlatTree/useFlatTreeStyles.styles.js (1:0): Module level directives cause errors when bundled, "use client" in "node_modules/@fluentui/react-tree/lib/components/FlatTree/useFlatTreeStyles.styles.js" was ignored.
node_modules/@fluentui/react-tree/lib/components/TreeItem/useTreeItemStyles.styles.js (1:0): Module level directives cause errors when bundled, "use client" in "node_modules/@fluentui/react-tree/lib/components/TreeItem/useTreeItemStyles.styles.js" was ignored.
node_modules/@fluentui/react-tree/lib/components/TreeItem/useTreeItemContextValues.js (1:0): Module level directives cause errors when bundled, "use client" in "node_modules/@fluentui/react-tree/lib/components/TreeItem/useTreeItemContextValues.js" was ignored.
node_modules/@fluentui/react-tree/lib/components/TreeItem/TreeItem.js (1:0): Module level directives cause errors when bundled, "use client" in "node_modules/@fluentui/react-tree/lib/components/TreeItem/TreeItem.js" was ignored.
node_modules/@fluentui/react-tree/lib/components/TreeItemLayout/TreeItemLayout.js (1:0): Module level directives cause errors when bundled, "use client" in "node_modules/@fluentui/react-tree/lib/components/TreeItemLayout/TreeItemLayout.js" was ignored.
node_modules/@fluentui/react-tree/lib/components/Tree/Tree.js (1:0): Module level directives cause errors when bundled, "use client" in "node_modules/@fluentui/react-tree/lib/components/Tree/Tree.js" was ignored.
node_modules/@fluentui/react-tree/lib/components/Tree/useTreeContextValues.js (1:0): Module level directives cause errors when bundled, "use client" in "node_modules/@fluentui/react-tree/lib/components/Tree/useTreeContextValues.js" was ignored.
node_modules/@fluentui/react-tree/lib/components/TreeItemLayout/useTreeItemLayoutStyles.styles.js (1:0): Module level directives cause errors when bundled, "use client" in "node_modules/@fluentui/react-tree/lib/components/TreeItemLayout/useTreeItemLayoutStyles.styles.js" was ignored.
node_modules/@fluentui/react-tree/lib/components/Tree/useTreeStyles.styles.js (1:0): Module level directives cause errors when bundled, "use client" in "node_modules/@fluentui/react-tree/lib/components/Tree/useTreeStyles.styles.js" was ignored.
node_modules/@fluentui/react-tree/lib/components/TreeItemPersonaLayout/TreeItemPersonaLayout.js (1:0): Module level directives cause errors when bundled, "use client" in "node_modules/@fluentui/react-tree/lib/components/TreeItemPersonaLayout/TreeItemPersonaLayout.js" was ignored.
node_modules/@fluentui/react-tree/lib/components/TreeItemPersonaLayout/useTreeItemPersonaLayout.js (1:0): Module level directives cause errors when bundled, "use client" in "node_modules/@fluentui/react-tree/lib/components/TreeItemPersonaLayout/useTreeItemPersonaLayout.js" was ignored.
node_modules/@fluentui/react-message-bar/lib/components/MessageBar/MessageBar.js (1:0): Module level directives cause errors when bundled, "use client" in "node_modules/@fluentui/react-message-bar/lib/components/MessageBar/MessageBar.js" was ignored.
node_modules/@fluentui/react-message-bar/lib/components/MessageBar/useMessageBarContextValues.js (1:0): Module level directives cause errors when bundled, "use client" in "node_modules/@fluentui/react-message-bar/lib/components/MessageBar/useMessageBarContextValues.js" was ignored.
node_modules/@fluentui/react-message-bar/lib/components/MessageBar/useMessageBar.js (1:0): Module level directives cause errors when bundled, "use client" in "node_modules/@fluentui/react-message-bar/lib/components/MessageBar/useMessageBar.js" was ignored.
node_modules/@fluentui/react-message-bar/lib/components/MessageBar/useMessageBarStyles.styles.js (1:0): Module level directives cause errors when bundled, "use client" in "node_modules/@fluentui/react-message-bar/lib/components/MessageBar/useMessageBarStyles.styles.js" was ignored.
node_modules/@fluentui/react-tree/lib/components/TreeItemPersonaLayout/useTreeItemPersonaLayoutStyles.styles.js (1:0): Module level directives cause errors when bundled, "use client" in "node_modules/@fluentui/react-tree/lib/components/TreeItemPersonaLayout/useTreeItemPersonaLayoutStyles.styles.js" was ignored.
node_modules/@fluentui/react-message-bar/lib/components/MessageBarActions/useMessageBarActionsStyles.styles.js (1:0): Module level directives cause errors when bundled, "use client" in "node_modules/@fluentui/react-message-bar/lib/components/MessageBarActions/useMessageBarActionsStyles.styles.js" was ignored.
node_modules/@fluentui/react-message-bar/lib/components/MessageBarActions/MessageBarActions.js (1:0): Module level directives cause errors when bundled, "use client" in "node_modules/@fluentui/react-message-bar/lib/components/MessageBarActions/MessageBarActions.js" was ignored.
node_modules/@fluentui/react-message-bar/lib/components/MessageBarActions/useMessageBarActionsContextValues.js (1:0): Module level directives cause errors when bundled, "use client" in "node_modules/@fluentui/react-message-bar/lib/components/MessageBarActions/useMessageBarActionsContextValues.js" was ignored.
node_modules/@fluentui/react-message-bar/lib/components/MessageBarTitle/MessageBarTitle.js (1:0): Module level directives cause errors when bundled, "use client" in "node_modules/@fluentui/react-message-bar/lib/components/MessageBarTitle/MessageBarTitle.js" was ignored.
node_modules/@fluentui/react-message-bar/lib/components/MessageBarTitle/useMessageBarTitle.js (1:0): Module level directives cause errors when bundled, "use client" in "node_modules/@fluentui/react-message-bar/lib/components/MessageBarTitle/useMessageBarTitle.js" was ignored.
node_modules/@fluentui/react-message-bar/lib/components/MessageBarBody/MessageBarBody.js (1:0): Module level directives cause errors when bundled, "use client" in "node_modules/@fluentui/react-message-bar/lib/components/MessageBarBody/MessageBarBody.js" was ignored.
node_modules/@fluentui/react-message-bar/lib/components/MessageBarTitle/useMessageBarTitleStyles.styles.js (1:0): Module level directives cause errors when bundled, "use client" in "node_modules/@fluentui/react-message-bar/lib/components/MessageBarTitle/useMessageBarTitleStyles.styles.js" was ignored.
node_modules/@fluentui/react-message-bar/lib/components/MessageBarActions/useMessageBarActions.js (1:0): Module level directives cause errors when bundled, "use client" in "node_modules/@fluentui/react-message-bar/lib/components/MessageBarActions/useMessageBarActions.js" was ignored.
node_modules/@fluentui/react-message-bar/lib/components/MessageBarBody/useMessageBarBody.js (1:0): Module level directives cause errors when bundled, "use client" in "node_modules/@fluentui/react-message-bar/lib/components/MessageBarBody/useMessageBarBody.js" was ignored.
node_modules/@fluentui/react-message-bar/lib/components/MessageBarBody/useMessageBarBodyContextValues.js (1:0): Module level directives cause errors when bundled, "use client" in "node_modules/@fluentui/react-message-bar/lib/components/MessageBarBody/useMessageBarBodyContextValues.js" was ignored.
node_modules/@fluentui/react-message-bar/lib/components/MessageBarBody/useMessageBarBodyStyles.styles.js (1:0): Module level directives cause errors when bundled, "use client" in "node_modules/@fluentui/react-message-bar/lib/components/MessageBarBody/useMessageBarBodyStyles.styles.js" was ignored.
node_modules/@fluentui/react-message-bar/lib/components/MessageBarGroup/MessageBarGroup.js (1:0): Module level directives cause errors when bundled, "use client" in "node_modules/@fluentui/react-message-bar/lib/components/MessageBarGroup/MessageBarGroup.js" was ignored.
node_modules/@fluentui/react-breadcrumb/lib/components/BreadcrumbDivider/BreadcrumbDivider.js (1:0): Module level directives cause errors when bundled, "use client" in "node_modules/@fluentui/react-breadcrumb/lib/components/BreadcrumbDivider/BreadcrumbDivider.js" was ignored.
node_modules/@fluentui/react-toast/lib/components/ToastTitle/ToastTitle.js (1:0): Module level directives cause errors when bundled, "use client" in "node_modules/@fluentui/react-toast/lib/components/ToastTitle/ToastTitle.js" was ignored.
node_modules/@fluentui/react-breadcrumb/lib/components/BreadcrumbDivider/useBreadcrumbDivider.js (1:0): Module level directives cause errors when bundled, "use client" in "node_modules/@fluentui/react-breadcrumb/lib/components/BreadcrumbDivider/useBreadcrumbDivider.js" was ignored.
node_modules/@fluentui/react-breadcrumb/lib/components/BreadcrumbDivider/useBreadcrumbDividerStyles.styles.js (1:0): Module level directives cause errors when bundled, "use client" in "node_modules/@fluentui/react-breadcrumb/lib/components/BreadcrumbDivider/useBreadcrumbDividerStyles.styles.js" was ignored.
node_modules/@fluentui/react-toast/lib/components/ToastTitle/useToastTitle.js (1:0): Module level directives cause errors when bundled, "use client" in "node_modules/@fluentui/react-toast/lib/components/ToastTitle/useToastTitle.js" was ignored.
node_modules/@fluentui/react-toast/lib/components/ToastTitle/useToastTitleStyles.styles.js (1:0): Module level directives cause errors when bundled, "use client" in "node_modules/@fluentui/react-toast/lib/components/ToastTitle/useToastTitleStyles.styles.js" was ignored.
node_modules/@fluentui/react-infolabel/lib/components/InfoButton/InfoButton.js (1:0): Module level directives cause errors when bundled, "use client" in "node_modules/@fluentui/react-infolabel/lib/components/InfoButton/InfoButton.js" was ignored.
node_modules/@fluentui/react-infolabel/lib/components/InfoButton/useInfoButton.js (1:0): Module level directives cause errors when bundled, "use client" in "node_modules/@fluentui/react-infolabel/lib/components/InfoButton/useInfoButton.js" was ignored.
node_modules/@fluentui/react-breadcrumb/lib/components/BreadcrumbItem/BreadcrumbItem.js (1:0): Module level directives cause errors when bundled, "use client" in "node_modules/@fluentui/react-breadcrumb/lib/components/BreadcrumbItem/BreadcrumbItem.js" was ignored.
node_modules/@fluentui/react-breadcrumb/lib/components/BreadcrumbItem/useBreadcrumbItem.js (1:0): Module level directives cause errors when bundled, "use client" in "node_modules/@fluentui/react-breadcrumb/lib/components/BreadcrumbItem/useBreadcrumbItem.js" was ignored.
node_modules/@fluentui/react-infolabel/lib/components/InfoButton/useInfoButtonStyles.styles.js (1:0): Module level directives cause errors when bundled, "use client" in "node_modules/@fluentui/react-infolabel/lib/components/InfoButton/useInfoButtonStyles.styles.js" was ignored.
node_modules/@fluentui/react-aria/lib/AriaLiveAnnouncer/useAriaNotifyAnnounce.js (1:0): Module level directives cause errors when bundled, "use client" in "node_modules/@fluentui/react-aria/lib/AriaLiveAnnouncer/useAriaNotifyAnnounce.js" was ignored.
node_modules/@fluentui/react-aria/lib/AriaLiveAnnouncer/useDomAnnounce.js (1:0): Module level directives cause errors when bundled, "use client" in "node_modules/@fluentui/react-aria/lib/AriaLiveAnnouncer/useDomAnnounce.js" was ignored.
node_modules/@fluentui/react-infolabel/lib/components/InfoLabel/InfoLabel.js (1:0): Module level directives cause errors when bundled, "use client" in "node_modules/@fluentui/react-infolabel/lib/components/InfoLabel/InfoLabel.js" was ignored.
node_modules/@fluentui/react-breadcrumb/lib/components/BreadcrumbItem/useBreadcrumbItemStyles.styles.js (1:0): Module level directives cause errors when bundled, "use client" in "node_modules/@fluentui/react-breadcrumb/lib/components/BreadcrumbItem/useBreadcrumbItemStyles.styles.js" was ignored.
node_modules/@fluentui/react-breadcrumb/lib/components/Breadcrumb/BreadcrumbContext.js (1:0): Module level directives cause errors when bundled, "use client" in "node_modules/@fluentui/react-breadcrumb/lib/components/Breadcrumb/BreadcrumbContext.js" was ignored.
node_modules/@fluentui/react-infolabel/lib/components/InfoLabel/useInfoLabel.js (1:0): Module level directives cause errors when bundled, "use client" in "node_modules/@fluentui/react-infolabel/lib/components/InfoLabel/useInfoLabel.js" was ignored.
node_modules/@fluentui/react-infolabel/lib/components/InfoLabel/useInfoLabelStyles.styles.js (1:0): Module level directives cause errors when bundled, "use client" in "node_modules/@fluentui/react-infolabel/lib/components/InfoLabel/useInfoLabelStyles.styles.js" was ignored.
node_modules/@fluentui/react-breadcrumb/lib/components/Breadcrumb/Breadcrumb.js (1:0): Module level directives cause errors when bundled, "use client" in "node_modules/@fluentui/react-breadcrumb/lib/components/Breadcrumb/Breadcrumb.js" was ignored.
node_modules/@fluentui/react-breadcrumb/lib/components/Breadcrumb/useBreadcrumbStyles.styles.js (1:0): Module level directives cause errors when bundled, "use client" in "node_modules/@fluentui/react-breadcrumb/lib/components/Breadcrumb/useBreadcrumbStyles.styles.js" was ignored.
node_modules/@fluentui/react-breadcrumb/lib/components/Breadcrumb/useBreadcrumb.js (1:0): Module level directives cause errors when bundled, "use client" in "node_modules/@fluentui/react-breadcrumb/lib/components/Breadcrumb/useBreadcrumb.js" was ignored.
node_modules/@fluentui/react-breadcrumb/lib/components/Breadcrumb/useBreadcrumbContextValue.js (1:0): Module level directives cause errors when bundled, "use client" in "node_modules/@fluentui/react-breadcrumb/lib/components/Breadcrumb/useBreadcrumbContextValue.js" was ignored.
node_modules/@fluentui/react-breadcrumb/lib/components/BreadcrumbButton/BreadcrumbButton.js (1:0): Module level directives cause errors when bundled, "use client" in "node_modules/@fluentui/react-breadcrumb/lib/components/BreadcrumbButton/BreadcrumbButton.js" was ignored.
node_modules/@fluentui/react-breadcrumb/lib/components/BreadcrumbButton/useBreadcrumbButton.js (1:0): Module level directives cause errors when bundled, "use client" in "node_modules/@fluentui/react-breadcrumb/lib/components/BreadcrumbButton/useBreadcrumbButton.js" was ignored.
node_modules/@fluentui/react-drawer/lib/components/OverlayDrawer/OverlayDrawer.js (1:0): Module level directives cause errors when bundled, "use client" in "node_modules/@fluentui/react-drawer/lib/components/OverlayDrawer/OverlayDrawer.js" was ignored.
node_modules/@fluentui/react-breadcrumb/lib/components/BreadcrumbButton/useBreadcrumbButtonStyles.styles.js (1:0): Module level directives cause errors when bundled, "use client" in "node_modules/@fluentui/react-breadcrumb/lib/components/BreadcrumbButton/useBreadcrumbButtonStyles.styles.js" was ignored.
node_modules/@fluentui/react-drawer/lib/components/OverlayDrawer/useOverlayDrawerStyles.styles.js (1:0): Module level directives cause errors when bundled, "use client" in "node_modules/@fluentui/react-drawer/lib/components/OverlayDrawer/useOverlayDrawerStyles.styles.js" was ignored.
node_modules/@fluentui/react-drawer/lib/components/OverlayDrawer/useOverlayDrawer.js (1:0): Module level directives cause errors when bundled, "use client" in "node_modules/@fluentui/react-drawer/lib/components/OverlayDrawer/useOverlayDrawer.js" was ignored.
node_modules/@fluentui/react-drawer/lib/components/InlineDrawer/InlineDrawer.js (1:0): Module level directives cause errors when bundled, "use client" in "node_modules/@fluentui/react-drawer/lib/components/InlineDrawer/InlineDrawer.js" was ignored.
node_modules/@fluentui/react-drawer/lib/components/InlineDrawer/useInlineDrawer.js (1:0): Module level directives cause errors when bundled, "use client" in "node_modules/@fluentui/react-drawer/lib/components/InlineDrawer/useInlineDrawer.js" was ignored.
node_modules/@fluentui/react-aria/lib/activedescendant/useOptionWalker.js (1:0): Module level directives cause errors when bundled, "use client" in "node_modules/@fluentui/react-aria/lib/activedescendant/useOptionWalker.js" was ignored.
node_modules/@fluentui/react-drawer/lib/components/DrawerHeader/useDrawerHeader.js (1:0): Module level directives cause errors when bundled, "use client" in "node_modules/@fluentui/react-drawer/lib/components/DrawerHeader/useDrawerHeader.js" was ignored.
node_modules/@fluentui/react-drawer/lib/components/DrawerHeader/DrawerHeader.js (1:0): Module level directives cause errors when bundled, "use client" in "node_modules/@fluentui/react-drawer/lib/components/DrawerHeader/DrawerHeader.js" was ignored.
node_modules/@fluentui/react-drawer/lib/components/DrawerBody/DrawerBody.js (1:0): Module level directives cause errors when bundled, "use client" in "node_modules/@fluentui/react-drawer/lib/components/DrawerBody/DrawerBody.js" was ignored.
node_modules/@fluentui/react-drawer/lib/components/InlineDrawer/useInlineDrawerStyles.styles.js (1:0): Module level directives cause errors when bundled, "use client" in "node_modules/@fluentui/react-drawer/lib/components/InlineDrawer/useInlineDrawerStyles.styles.js" was ignored.
node_modules/@fluentui/react-drawer/lib/components/DrawerHeader/useDrawerHeaderStyles.styles.js (1:0): Module level directives cause errors when bundled, "use client" in "node_modules/@fluentui/react-drawer/lib/components/DrawerHeader/useDrawerHeaderStyles.styles.js" was ignored.
node_modules/@fluentui/react-drawer/lib/components/DrawerBody/useDrawerBody.js (1:0): Module level directives cause errors when bundled, "use client" in "node_modules/@fluentui/react-drawer/lib/components/DrawerBody/useDrawerBody.js" was ignored.
node_modules/@fluentui/react-drawer/lib/components/DrawerBody/useDrawerBodyStyles.styles.js (1:0): Module level directives cause errors when bundled, "use client" in "node_modules/@fluentui/react-drawer/lib/components/DrawerBody/useDrawerBodyStyles.styles.js" was ignored.
node_modules/@fluentui/react-drawer/lib/components/Drawer/Drawer.js (1:0): Module level directives cause errors when bundled, "use client" in "node_modules/@fluentui/react-drawer/lib/components/Drawer/Drawer.js" was ignored.
node_modules/@fluentui/react-drawer/lib/components/DrawerHeaderTitle/useDrawerHeaderTitle.js (1:0): Module level directives cause errors when bundled, "use client" in "node_modules/@fluentui/react-drawer/lib/components/DrawerHeaderTitle/useDrawerHeaderTitle.js" was ignored.
node_modules/@fluentui/react-drawer/lib/components/DrawerHeaderNavigation/DrawerHeaderNavigation.js (1:0): Module level directives cause errors when bundled, "use client" in "node_modules/@fluentui/react-drawer/lib/components/DrawerHeaderNavigation/DrawerHeaderNavigation.js" was ignored.
node_modules/@fluentui/react-drawer/lib/components/DrawerHeaderTitle/useDrawerHeaderTitleStyles.styles.js (1:0): Module level directives cause errors when bundled, "use client" in "node_modules/@fluentui/react-drawer/lib/components/DrawerHeaderTitle/useDrawerHeaderTitleStyles.styles.js" was ignored.
node_modules/@fluentui/react-drawer/lib/components/DrawerHeaderTitle/DrawerHeaderTitle.js (1:0): Module level directives cause errors when bundled, "use client" in "node_modules/@fluentui/react-drawer/lib/components/DrawerHeaderTitle/DrawerHeaderTitle.js" was ignored.
node_modules/@fluentui/react-drawer/lib/components/DrawerHeaderNavigation/useDrawerHeaderNavigationStyles.styles.js (1:0): Module level directives cause errors when bundled, "use client" in "node_modules/@fluentui/react-drawer/lib/components/DrawerHeaderNavigation/useDrawerHeaderNavigationStyles.styles.js" was ignored.
node_modules/@fluentui/react-search/lib/components/SearchBox/useSearchBox.js (1:0): Module level directives cause errors when bundled, "use client" in "node_modules/@fluentui/react-search/lib/components/SearchBox/useSearchBox.js" was ignored.
node_modules/@fluentui/react-search/lib/components/SearchBox/SearchBox.js (1:0): Module level directives cause errors when bundled, "use client" in "node_modules/@fluentui/react-search/lib/components/SearchBox/SearchBox.js" was ignored.
node_modules/@fluentui/react-drawer/lib/components/DrawerFooter/DrawerFooter.js (1:0): Module level directives cause errors when bundled, "use client" in "node_modules/@fluentui/react-drawer/lib/components/DrawerFooter/DrawerFooter.js" was ignored.
node_modules/@fluentui/react-drawer/lib/components/DrawerFooter/useDrawerFooter.js (1:0): Module level directives cause errors when bundled, "use client" in "node_modules/@fluentui/react-drawer/lib/components/DrawerFooter/useDrawerFooter.js" was ignored.
node_modules/@fluentui/react-drawer/lib/components/DrawerFooter/useDrawerFooterStyles.styles.js (1:0): Module level directives cause errors when bundled, "use client" in "node_modules/@fluentui/react-drawer/lib/components/DrawerFooter/useDrawerFooterStyles.styles.js" was ignored.
node_modules/@fluentui/react-tag-picker/lib/components/TagPicker/TagPicker.js (1:0): Module level directives cause errors when bundled, "use client" in "node_modules/@fluentui/react-tag-picker/lib/components/TagPicker/TagPicker.js" was ignored.
node_modules/@fluentui/react-search/lib/components/SearchBox/useSearchBoxStyles.styles.js (1:0): Module level directives cause errors when bundled, "use client" in "node_modules/@fluentui/react-search/lib/components/SearchBox/useSearchBoxStyles.styles.js" was ignored.
node_modules/@fluentui/react-tag-picker/lib/components/TagPickerList/TagPickerList.js (1:0): Module level directives cause errors when bundled, "use client" in "node_modules/@fluentui/react-tag-picker/lib/components/TagPickerList/TagPickerList.js" was ignored.
node_modules/@fluentui/react-tag-picker/lib/components/TagPickerList/useTagPickerList.js (1:0): Module level directives cause errors when bundled, "use client" in "node_modules/@fluentui/react-tag-picker/lib/components/TagPickerList/useTagPickerList.js" was ignored.
node_modules/@fluentui/react-tag-picker/lib/components/TagPickerList/useTagPickerListStyles.styles.js (1:0): Module level directives cause errors when bundled, "use client" in "node_modules/@fluentui/react-tag-picker/lib/components/TagPickerList/useTagPickerListStyles.styles.js" was ignored.
node_modules/@fluentui/react-tag-picker/lib/components/TagPickerButton/TagPickerButton.js (1:0): Module level directives cause errors when bundled, "use client" in "node_modules/@fluentui/react-tag-picker/lib/components/TagPickerButton/TagPickerButton.js" was ignored.
node_modules/@fluentui/react-tag-picker/lib/components/TagPickerButton/useTagPickerButton.js (1:0): Module level directives cause errors when bundled, "use client" in "node_modules/@fluentui/react-tag-picker/lib/components/TagPickerButton/useTagPickerButton.js" was ignored.
node_modules/@fluentui/react-tag-picker/lib/components/TagPickerInput/TagPickerInput.js (1:0): Module level directives cause errors when bundled, "use client" in "node_modules/@fluentui/react-tag-picker/lib/components/TagPickerInput/TagPickerInput.js" was ignored.
node_modules/@fluentui/react-tag-picker/lib/components/TagPickerButton/useTagPickerButtonStyles.styles.js (1:0): Module level directives cause errors when bundled, "use client" in "node_modules/@fluentui/react-tag-picker/lib/components/TagPickerButton/useTagPickerButtonStyles.styles.js" was ignored.
node_modules/@fluentui/react-tag-picker/lib/components/TagPickerInput/useTagPickerInputStyles.styles.js (1:0): Module level directives cause errors when bundled, "use client" in "node_modules/@fluentui/react-tag-picker/lib/components/TagPickerInput/useTagPickerInputStyles.styles.js" was ignored.
node_modules/@fluentui/react-tag-picker/lib/components/TagPickerInput/useTagPickerInput.js (1:0): Module level directives cause errors when bundled, "use client" in "node_modules/@fluentui/react-tag-picker/lib/components/TagPickerInput/useTagPickerInput.js" was ignored.
node_modules/@fluentui/react-tag-picker/lib/components/TagPickerControl/useTagPickerControl.js (1:0): Module level directives cause errors when bundled, "use client" in "node_modules/@fluentui/react-tag-picker/lib/components/TagPickerControl/useTagPickerControl.js" was ignored.
node_modules/@fluentui/react-tag-picker/lib/components/TagPickerOption/TagPickerOption.js (1:0): Module level directives cause errors when bundled, "use client" in "node_modules/@fluentui/react-tag-picker/lib/components/TagPickerOption/TagPickerOption.js" was ignored.
node_modules/@fluentui/react-tag-picker/lib/components/TagPickerControl/TagPickerControl.js (1:0): Module level directives cause errors when bundled, "use client" in "node_modules/@fluentui/react-tag-picker/lib/components/TagPickerControl/TagPickerControl.js" was ignored.
node_modules/@fluentui/react-tag-picker/lib/components/TagPickerControl/useTagPickerControlStyles.styles.js (1:0): Module level directives cause errors when bundled, "use client" in "node_modules/@fluentui/react-tag-picker/lib/components/TagPickerControl/useTagPickerControlStyles.styles.js" was ignored.
node_modules/@fluentui/react-tag-picker/lib/components/TagPickerOption/useTagPickerOptionStyles.styles.js (1:0): Module level directives cause errors when bundled, "use client" in "node_modules/@fluentui/react-tag-picker/lib/components/TagPickerOption/useTagPickerOptionStyles.styles.js" was ignored.
node_modules/@fluentui/react-tag-picker/lib/components/TagPickerOptionGroup/TagPickerOptionGroup.js (1:0): Module level directives cause errors when bundled, "use client" in "node_modules/@fluentui/react-tag-picker/lib/components/TagPickerOptionGroup/TagPickerOptionGroup.js" was ignored.
node_modules/@fluentui/react-tag-picker/lib/components/TagPickerOption/useTagPickerOption.js (1:0): Module level directives cause errors when bundled, "use client" in "node_modules/@fluentui/react-tag-picker/lib/components/TagPickerOption/useTagPickerOption.js" was ignored.
node_modules/@fluentui/react-tag-picker/lib/components/TagPickerOptionGroup/useTagPickerOptionGroup.js (1:0): Module level directives cause errors when bundled, "use client" in "node_modules/@fluentui/react-tag-picker/lib/components/TagPickerOptionGroup/useTagPickerOptionGroup.js" was ignored.
node_modules/@fluentui/react-tag-picker/lib/components/TagPickerOptionGroup/useTagPickerOptionGroupStyles.styles.js (1:0): Module level directives cause errors when bundled, "use client" in "node_modules/@fluentui/react-tag-picker/lib/components/TagPickerOptionGroup/useTagPickerOptionGroupStyles.styles.js" was ignored.
node_modules/@fluentui/react-tag-picker/lib/components/TagPickerGroup/TagPickerGroup.js (1:0): Module level directives cause errors when bundled, "use client" in "node_modules/@fluentui/react-tag-picker/lib/components/TagPickerGroup/TagPickerGroup.js" was ignored.
node_modules/@fluentui/react-tag-picker/lib/components/TagPickerGroup/useTagPickerGroup.js (1:0): Module level directives cause errors when bundled, "use client" in "node_modules/@fluentui/react-tag-picker/lib/components/TagPickerGroup/useTagPickerGroup.js" was ignored.
node_modules/@fluentui/react-tag-picker/lib/components/TagPickerGroup/useTagPickerGroupStyles.styles.js (1:0): Module level directives cause errors when bundled, "use client" in "node_modules/@fluentui/react-tag-picker/lib/components/TagPickerGroup/useTagPickerGroupStyles.styles.js" was ignored.
node_modules/@fluentui/react-swatch-picker/lib/components/SwatchPicker/useSwatchPicker.js (1:0): Module level directives cause errors when bundled, "use client" in "node_modules/@fluentui/react-swatch-picker/lib/components/SwatchPicker/useSwatchPicker.js" was ignored.
node_modules/@fluentui/react-swatch-picker/lib/components/SwatchPicker/SwatchPicker.js (1:0): Module level directives cause errors when bundled, "use client" in "node_modules/@fluentui/react-swatch-picker/lib/components/SwatchPicker/SwatchPicker.js" was ignored.
node_modules/@fluentui/react-swatch-picker/lib/components/SwatchPickerRow/SwatchPickerRow.js (1:0): Module level directives cause errors when bundled, "use client" in "node_modules/@fluentui/react-swatch-picker/lib/components/SwatchPickerRow/SwatchPickerRow.js" was ignored.
node_modules/@fluentui/react-swatch-picker/lib/components/SwatchPicker/useSwatchPickerStyles.styles.js (1:0): Module level directives cause errors when bundled, "use client" in "node_modules/@fluentui/react-swatch-picker/lib/components/SwatchPicker/useSwatchPickerStyles.styles.js" was ignored.
node_modules/@fluentui/react-swatch-picker/lib/components/SwatchPickerRow/useSwatchPickerRow.js (1:0): Module level directives cause errors when bundled, "use client" in "node_modules/@fluentui/react-swatch-picker/lib/components/SwatchPickerRow/useSwatchPickerRow.js" was ignored.
node_modules/@fluentui/react-swatch-picker/lib/components/SwatchPickerRow/useSwatchPickerRowStyles.styles.js (1:0): Module level directives cause errors when bundled, "use client" in "node_modules/@fluentui/react-swatch-picker/lib/components/SwatchPickerRow/useSwatchPickerRowStyles.styles.js" was ignored.
node_modules/@fluentui/react-swatch-picker/lib/components/ImageSwatch/ImageSwatch.js (1:0): Module level directives cause errors when bundled, "use client" in "node_modules/@fluentui/react-swatch-picker/lib/components/ImageSwatch/ImageSwatch.js" was ignored.
node_modules/@fluentui/react-swatch-picker/lib/components/ImageSwatch/useImageSwatch.js (1:0): Module level directives cause errors when bundled, "use client" in "node_modules/@fluentui/react-swatch-picker/lib/components/ImageSwatch/useImageSwatch.js" was ignored.
node_modules/@fluentui/react-swatch-picker/lib/components/ColorSwatch/useColorSwatch.js (1:0): Module level directives cause errors when bundled, "use client" in "node_modules/@fluentui/react-swatch-picker/lib/components/ColorSwatch/useColorSwatch.js" was ignored.
node_modules/@fluentui/react-swatch-picker/lib/components/ColorSwatch/useColorSwatchStyles.styles.js (1:0): Module level directives cause errors when bundled, "use client" in "node_modules/@fluentui/react-swatch-picker/lib/components/ColorSwatch/useColorSwatchStyles.styles.js" was ignored.
node_modules/@fluentui/react-swatch-picker/lib/components/ImageSwatch/useImageSwatchStyles.styles.js (1:0): Module level directives cause errors when bundled, "use client" in "node_modules/@fluentui/react-swatch-picker/lib/components/ImageSwatch/useImageSwatchStyles.styles.js" was ignored.
node_modules/@fluentui/react-swatch-picker/lib/components/ColorSwatch/ColorSwatch.js (1:0): Module level directives cause errors when bundled, "use client" in "node_modules/@fluentui/react-swatch-picker/lib/components/ColorSwatch/ColorSwatch.js" was ignored.
node_modules/@fluentui/react-swatch-picker/lib/components/EmptySwatch/useEmptySwatch.js (1:0): Module level directives cause errors when bundled, "use client" in "node_modules/@fluentui/react-swatch-picker/lib/components/EmptySwatch/useEmptySwatch.js" was ignored.
node_modules/@fluentui/react-swatch-picker/lib/components/EmptySwatch/EmptySwatch.js (1:0): Module level directives cause errors when bundled, "use client" in "node_modules/@fluentui/react-swatch-picker/lib/components/EmptySwatch/EmptySwatch.js" was ignored.
node_modules/@fluentui/react-swatch-picker/lib/components/EmptySwatch/useEmptySwatchStyles.styles.js (1:0): Module level directives cause errors when bundled, "use client" in "node_modules/@fluentui/react-swatch-picker/lib/components/EmptySwatch/useEmptySwatchStyles.styles.js" was ignored.
node_modules/@fluentui/react-rating/lib/components/Rating/Rating.js (1:0): Module level directives cause errors when bundled, "use client" in "node_modules/@fluentui/react-rating/lib/components/Rating/Rating.js" was ignored.
node_modules/@fluentui/react-rating/lib/components/Rating/useRating.js (1:0): Module level directives cause errors when bundled, "use client" in "node_modules/@fluentui/react-rating/lib/components/Rating/useRating.js" was ignored.
node_modules/@fluentui/react-rating/lib/components/Rating/useRatingContextValues.js (1:0): Module level directives cause errors when bundled, "use client" in "node_modules/@fluentui/react-rating/lib/components/Rating/useRatingContextValues.js" was ignored.
node_modules/@fluentui/react-rating/lib/components/Rating/useRatingStyles.styles.js (1:0): Module level directives cause errors when bundled, "use client" in "node_modules/@fluentui/react-rating/lib/components/Rating/useRatingStyles.styles.js" was ignored.
node_modules/@fluentui/react-rating/lib/components/RatingItem/RatingItem.js (1:0): Module level directives cause errors when bundled, "use client" in "node_modules/@fluentui/react-rating/lib/components/RatingItem/RatingItem.js" was ignored.
node_modules/@fluentui/react-rating/lib/components/RatingItem/useRatingItemStyles.styles.js (1:0): Module level directives cause errors when bundled, "use client" in "node_modules/@fluentui/react-rating/lib/components/RatingItem/useRatingItemStyles.styles.js" was ignored.
node_modules/@fluentui/react-rating/lib/components/RatingDisplay/useRatingDisplay.js (1:0): Module level directives cause errors when bundled, "use client" in "node_modules/@fluentui/react-rating/lib/components/RatingDisplay/useRatingDisplay.js" was ignored.
node_modules/@fluentui/react-rating/lib/components/RatingDisplay/RatingDisplay.js (1:0): Module level directives cause errors when bundled, "use client" in "node_modules/@fluentui/react-rating/lib/components/RatingDisplay/RatingDisplay.js" was ignored.
node_modules/@fluentui/react-rating/lib/components/RatingDisplay/useRatingDisplayStyles.styles.js (1:0): Module level directives cause errors when bundled, "use client" in "node_modules/@fluentui/react-rating/lib/components/RatingDisplay/useRatingDisplayStyles.styles.js" was ignored.
node_modules/@fluentui/react-rating/lib/components/RatingItem/useRatingItem.js (1:0): Module level directives cause errors when bundled, "use client" in "node_modules/@fluentui/react-rating/lib/components/RatingItem/useRatingItem.js" was ignored.
node_modules/@fluentui/react-rating/lib/components/RatingDisplay/useRatingDisplayContextValues.js (1:0): Module level directives cause errors when bundled, "use client" in "node_modules/@fluentui/react-rating/lib/components/RatingDisplay/useRatingDisplayContextValues.js" was ignored.
node_modules/@fluentui/react-teaching-popover/lib/components/TeachingPopoverHeader/TeachingPopoverHeader.js (1:0): Module level directives cause errors when bundled, "use client" in "node_modules/@fluentui/react-teaching-popover/lib/components/TeachingPopoverHeader/TeachingPopoverHeader.js" was ignored.
node_modules/@fluentui/react-teaching-popover/lib/components/TeachingPopoverHeader/useTeachingPopoverHeader.js (1:0): Module level directives cause errors when bundled, "use client" in "node_modules/@fluentui/react-teaching-popover/lib/components/TeachingPopoverHeader/useTeachingPopoverHeader.js" was ignored.
node_modules/@fluentui/react-teaching-popover/lib/components/TeachingPopoverBody/useTeachingPopoverBodyStyles.styles.js (1:0): Module level directives cause errors when bundled, "use client" in "node_modules/@fluentui/react-teaching-popover/lib/components/TeachingPopoverBody/useTeachingPopoverBodyStyles.styles.js" was ignored.
node_modules/@fluentui/react-teaching-popover/lib/components/TeachingPopoverHeader/useTeachingPopoverHeaderStyles.styles.js (1:0): Module level directives cause errors when bundled, "use client" in "node_modules/@fluentui/react-teaching-popover/lib/components/TeachingPopoverHeader/useTeachingPopoverHeaderStyles.styles.js" was ignored.
node_modules/@fluentui/react-teaching-popover/lib/components/TeachingPopoverCarousel/TeachingPopoverCarousel.js (1:0): Module level directives cause errors when bundled, "use client" in "node_modules/@fluentui/react-teaching-popover/lib/components/TeachingPopoverCarousel/TeachingPopoverCarousel.js" was ignored.
node_modules/@fluentui/react-teaching-popover/lib/components/TeachingPopoverCarousel/useTeachingPopoverCarouselStyles.styles.js (1:0): Module level directives cause errors when bundled, "use client" in "node_modules/@fluentui/react-teaching-popover/lib/components/TeachingPopoverCarousel/useTeachingPopoverCarouselStyles.styles.js" was ignored.
node_modules/@fluentui/react-teaching-popover/lib/components/TeachingPopoverCarousel/useTeachingPopoverCarouselContextValues.js (1:0): Module level directives cause errors when bundled, "use client" in "node_modules/@fluentui/react-teaching-popover/lib/components/TeachingPopoverCarousel/useTeachingPopoverCarouselContextValues.js" was ignored.
node_modules/@fluentui/react-teaching-popover/lib/components/TeachingPopoverCarouselFooter/TeachingPopoverCarouselFooter.js (1:0): Module level directives cause errors when bundled, "use client" in "node_modules/@fluentui/react-teaching-popover/lib/components/TeachingPopoverCarouselFooter/TeachingPopoverCarouselFooter.js" was ignored.
node_modules/@fluentui/react-teaching-popover/lib/components/TeachingPopoverCarouselFooter/useTeachingPopoverCarouselFooterStyles.styles.js (1:0): Module level directives cause errors when bundled, "use client" in "node_modules/@fluentui/react-teaching-popover/lib/components/TeachingPopoverCarouselFooter/useTeachingPopoverCarouselFooterStyles.styles.js" was ignored.
node_modules/@fluentui/react-teaching-popover/lib/components/TeachingPopoverCarouselNav/useTeachingPopoverCarouselNavStyles.styles.js (1:0): Module level directives cause errors when bundled, "use client" in "node_modules/@fluentui/react-teaching-popover/lib/components/TeachingPopoverCarouselNav/useTeachingPopoverCarouselNavStyles.styles.js" was ignored.
node_modules/@fluentui/react-teaching-popover/lib/components/TeachingPopoverCarousel/useTeachingPopoverCarousel.js (1:0): Module level directives cause errors when bundled, "use client" in "node_modules/@fluentui/react-teaching-popover/lib/components/TeachingPopoverCarousel/useTeachingPopoverCarousel.js" was ignored.
node_modules/@fluentui/react-teaching-popover/lib/components/TeachingPopoverCarouselNav/TeachingPopoverCarouselNav.js (1:0): Module level directives cause errors when bundled, "use client" in "node_modules/@fluentui/react-teaching-popover/lib/components/TeachingPopoverCarouselNav/TeachingPopoverCarouselNav.js" was ignored.
node_modules/@fluentui/react-teaching-popover/lib/components/TeachingPopoverBody/TeachingPopoverBody.js (1:0): Module level directives cause errors when bundled, "use client" in "node_modules/@fluentui/react-teaching-popover/lib/components/TeachingPopoverBody/TeachingPopoverBody.js" was ignored.
node_modules/@fluentui/react-teaching-popover/lib/components/TeachingPopoverCarouselNav/useTeachingPopoverCarouselNav.js (1:0): Module level directives cause errors when bundled, "use client" in "node_modules/@fluentui/react-teaching-popover/lib/components/TeachingPopoverCarouselNav/useTeachingPopoverCarouselNav.js" was ignored.
node_modules/@fluentui/react-teaching-popover/lib/components/TeachingPopoverSurface/TeachingPopoverSurface.js (1:0): Module level directives cause errors when bundled, "use client" in "node_modules/@fluentui/react-teaching-popover/lib/components/TeachingPopoverSurface/TeachingPopoverSurface.js" was ignored.
node_modules/@fluentui/react-teaching-popover/lib/components/TeachingPopoverSurface/useTeachingPopoverSurfaceStyles.styles.js (1:0): Module level directives cause errors when bundled, "use client" in "node_modules/@fluentui/react-teaching-popover/lib/components/TeachingPopoverSurface/useTeachingPopoverSurfaceStyles.styles.js" was ignored.
node_modules/@fluentui/react-teaching-popover/lib/components/TeachingPopoverTrigger/TeachingPopoverTrigger.js (1:0): Module level directives cause errors when bundled, "use client" in "node_modules/@fluentui/react-teaching-popover/lib/components/TeachingPopoverTrigger/TeachingPopoverTrigger.js" was ignored.
node_modules/@fluentui/react-teaching-popover/lib/components/TeachingPopoverTrigger/useTeachingPopoverTrigger.js (1:0): Module level directives cause errors when bundled, "use client" in "node_modules/@fluentui/react-teaching-popover/lib/components/TeachingPopoverTrigger/useTeachingPopoverTrigger.js" was ignored.
node_modules/@fluentui/react-teaching-popover/lib/components/TeachingPopoverCarouselCard/TeachingPopoverCarouselCard.js (1:0): Module level directives cause errors when bundled, "use client" in "node_modules/@fluentui/react-teaching-popover/lib/components/TeachingPopoverCarouselCard/TeachingPopoverCarouselCard.js" was ignored.
node_modules/@fluentui/react-teaching-popover/lib/components/TeachingPopoverCarouselCard/useTeachingPopoverCarouselCardStyles.styles.js (1:0): Module level directives cause errors when bundled, "use client" in "node_modules/@fluentui/react-teaching-popover/lib/components/TeachingPopoverCarouselCard/useTeachingPopoverCarouselCardStyles.styles.js" was ignored.
node_modules/@fluentui/react-teaching-popover/lib/components/TeachingPopoverSurface/useTeachingPopoverSurface.js (1:0): Module level directives cause errors when bundled, "use client" in "node_modules/@fluentui/react-teaching-popover/lib/components/TeachingPopoverSurface/useTeachingPopoverSurface.js" was ignored.
node_modules/@fluentui/react-teaching-popover/lib/components/TeachingPopoverCarouselNavButton/TeachingPopoverCarouselNavButton.js (1:0): Module level directives cause errors when bundled, "use client" in "node_modules/@fluentui/react-teaching-popover/lib/components/TeachingPopoverCarouselNavButton/TeachingPopoverCarouselNavButton.js" was ignored.
node_modules/@fluentui/react-teaching-popover/lib/components/TeachingPopoverCarouselNavButton/useTeachingPopoverCarouselNavButton.js (1:0): Module level directives cause errors when bundled, "use client" in "node_modules/@fluentui/react-teaching-popover/lib/components/TeachingPopoverCarouselNavButton/useTeachingPopoverCarouselNavButton.js" was ignored.
node_modules/@fluentui/react-teaching-popover/lib/components/TeachingPopover/useTeachingPopoverContextValues.js (1:0): Module level directives cause errors when bundled, "use client" in "node_modules/@fluentui/react-teaching-popover/lib/components/TeachingPopover/useTeachingPopoverContextValues.js" was ignored.
node_modules/@fluentui/react-teaching-popover/lib/components/TeachingPopover/useTeachingPopover.js (1:0): Module level directives cause errors when bundled, "use client" in "node_modules/@fluentui/react-teaching-popover/lib/components/TeachingPopover/useTeachingPopover.js" was ignored.
node_modules/@fluentui/react-teaching-popover/lib/components/TeachingPopoverCarouselNavButton/useTeachingPopoverCarouselNavButtonStyles.styles.js (1:0): Module level directives cause errors when bundled, "use client" in "node_modules/@fluentui/react-teaching-popover/lib/components/TeachingPopoverCarouselNavButton/useTeachingPopoverCarouselNavButtonStyles.styles.js" was ignored.
node_modules/@fluentui/react-teaching-popover/lib/components/TeachingPopoverTitle/useTeachingPopoverTitle.js (1:0): Module level directives cause errors when bundled, "use client" in "node_modules/@fluentui/react-teaching-popover/lib/components/TeachingPopoverTitle/useTeachingPopoverTitle.js" was ignored.
node_modules/@fluentui/react-teaching-popover/lib/components/TeachingPopover/TeachingPopover.js (1:0): Module level directives cause errors when bundled, "use client" in "node_modules/@fluentui/react-teaching-popover/lib/components/TeachingPopover/TeachingPopover.js" was ignored.
node_modules/@fluentui/react-teaching-popover/lib/components/TeachingPopoverTitle/TeachingPopoverTitle.js (1:0): Module level directives cause errors when bundled, "use client" in "node_modules/@fluentui/react-teaching-popover/lib/components/TeachingPopoverTitle/TeachingPopoverTitle.js" was ignored.
node_modules/@fluentui/react-teaching-popover/lib/components/TeachingPopoverTitle/useTeachingPopoverTitleStyles.styles.js (1:0): Module level directives cause errors when bundled, "use client" in "node_modules/@fluentui/react-teaching-popover/lib/components/TeachingPopoverTitle/useTeachingPopoverTitleStyles.styles.js" was ignored.
node_modules/@fluentui/react-teaching-popover/lib/components/TeachingPopoverCarouselFooterButton/TeachingPopoverCarouselFooterButton.js (1:0): Module level directives cause errors when bundled, "use client" in "node_modules/@fluentui/react-teaching-popover/lib/components/TeachingPopoverCarouselFooterButton/TeachingPopoverCarouselFooterButton.js" was ignored.
node_modules/@fluentui/react-carousel/lib/components/CarouselNavButton/useCarouselNavButton.js (1:0): Module level directives cause errors when bundled, "use client" in "node_modules/@fluentui/react-carousel/lib/components/CarouselNavButton/useCarouselNavButton.js" was ignored.
node_modules/@fluentui/react-teaching-popover/lib/components/TeachingPopoverCarouselFooterButton/useTeachingPopoverCarouselFooterButton.js (1:0): Module level directives cause errors when bundled, "use client" in "node_modules/@fluentui/react-teaching-popover/lib/components/TeachingPopoverCarouselFooterButton/useTeachingPopoverCarouselFooterButton.js" was ignored.
node_modules/@fluentui/react-carousel/lib/components/CarouselCard/CarouselCard.js (1:0): Module level directives cause errors when bundled, "use client" in "node_modules/@fluentui/react-carousel/lib/components/CarouselCard/CarouselCard.js" was ignored.
node_modules/@fluentui/react-carousel/lib/components/CarouselNavButton/CarouselNavButton.js (1:0): Module level directives cause errors when bundled, "use client" in "node_modules/@fluentui/react-carousel/lib/components/CarouselNavButton/CarouselNavButton.js" was ignored.
node_modules/@fluentui/react-carousel/lib/components/CarouselNavButton/useCarouselNavButtonStyles.styles.js (1:0): Module level directives cause errors when bundled, "use client" in "node_modules/@fluentui/react-carousel/lib/components/CarouselNavButton/useCarouselNavButtonStyles.styles.js" was ignored.
node_modules/@fluentui/react-carousel/lib/components/CarouselCard/useCarouselCard.js (1:0): Module level directives cause errors when bundled, "use client" in "node_modules/@fluentui/react-carousel/lib/components/CarouselCard/useCarouselCard.js" was ignored.
node_modules/@fluentui/react-carousel/lib/components/CarouselCard/useCarouselCardStyles.styles.js (1:0): Module level directives cause errors when bundled, "use client" in "node_modules/@fluentui/react-carousel/lib/components/CarouselCard/useCarouselCardStyles.styles.js" was ignored.
node_modules/@fluentui/react-teaching-popover/lib/components/TeachingPopoverFooter/TeachingPopoverFooter.js (1:0): Module level directives cause errors when bundled, "use client" in "node_modules/@fluentui/react-teaching-popover/lib/components/TeachingPopoverFooter/TeachingPopoverFooter.js" was ignored.
node_modules/@fluentui/react-teaching-popover/lib/components/TeachingPopoverFooter/useTeachingPopoverFooterStyles.styles.js (1:0): Module level directives cause errors when bundled, "use client" in "node_modules/@fluentui/react-teaching-popover/lib/components/TeachingPopoverFooter/useTeachingPopoverFooterStyles.styles.js" was ignored.
node_modules/@fluentui/react-teaching-popover/lib/components/TeachingPopoverFooter/useTeachingPopoverFooter.js (1:0): Module level directives cause errors when bundled, "use client" in "node_modules/@fluentui/react-teaching-popover/lib/components/TeachingPopoverFooter/useTeachingPopoverFooter.js" was ignored.
node_modules/@fluentui/react-carousel/lib/components/Carousel/Carousel.js (1:0): Module level directives cause errors when bundled, "use client" in "node_modules/@fluentui/react-carousel/lib/components/Carousel/Carousel.js" was ignored.
node_modules/@fluentui/react-carousel/lib/components/Carousel/useCarousel.js (1:0): Module level directives cause errors when bundled, "use client" in "node_modules/@fluentui/react-carousel/lib/components/Carousel/useCarousel.js" was ignored.
node_modules/@fluentui/react-carousel/lib/components/Carousel/useCarouselStyles.styles.js (1:0): Module level directives cause errors when bundled, "use client" in "node_modules/@fluentui/react-carousel/lib/components/Carousel/useCarouselStyles.styles.js" was ignored.
node_modules/@fluentui/react-teaching-popover/lib/components/TeachingPopoverCarouselFooterButton/useTeachingPopoverCarouselFooterButtonStyles.styles.js (1:0): Module level directives cause errors when bundled, "use client" in "node_modules/@fluentui/react-teaching-popover/lib/components/TeachingPopoverCarouselFooterButton/useTeachingPopoverCarouselFooterButtonStyles.styles.js" was ignored.
node_modules/@fluentui/react-carousel/lib/components/CarouselAutoplayButton/useCarouselAutoplayButtonStyles.styles.js (1:0): Module level directives cause errors when bundled, "use client" in "node_modules/@fluentui/react-carousel/lib/components/CarouselAutoplayButton/useCarouselAutoplayButtonStyles.styles.js" was ignored.
node_modules/@fluentui/react-carousel/lib/components/CarouselNavImageButton/CarouselNavImageButton.js (1:0): Module level directives cause errors when bundled, "use client" in "node_modules/@fluentui/react-carousel/lib/components/CarouselNavImageButton/CarouselNavImageButton.js" was ignored.
node_modules/@fluentui/react-carousel/lib/components/CarouselAutoplayButton/CarouselAutoplayButton.js (1:0): Module level directives cause errors when bundled, "use client" in "node_modules/@fluentui/react-carousel/lib/components/CarouselAutoplayButton/CarouselAutoplayButton.js" was ignored.
node_modules/@fluentui/react-carousel/lib/components/CarouselNavImageButton/useCarouselNavImageButton.js (1:0): Module level directives cause errors when bundled, "use client" in "node_modules/@fluentui/react-carousel/lib/components/CarouselNavImageButton/useCarouselNavImageButton.js" was ignored.
node_modules/@fluentui/react-carousel/lib/components/CarouselAutoplayButton/useCarouselAutoplayButton.js (1:0): Module level directives cause errors when bundled, "use client" in "node_modules/@fluentui/react-carousel/lib/components/CarouselAutoplayButton/useCarouselAutoplayButton.js" was ignored.
node_modules/@fluentui/react-carousel/lib/components/CarouselNav/useCarouselNav.js (1:0): Module level directives cause errors when bundled, "use client" in "node_modules/@fluentui/react-carousel/lib/components/CarouselNav/useCarouselNav.js" was ignored.
node_modules/@fluentui/react-carousel/lib/components/CarouselNavContainer/CarouselNavContainer.js (1:0): Module level directives cause errors when bundled, "use client" in "node_modules/@fluentui/react-carousel/lib/components/CarouselNavContainer/CarouselNavContainer.js" was ignored.
node_modules/@fluentui/react-carousel/lib/components/CarouselNav/CarouselNav.js (1:0): Module level directives cause errors when bundled, "use client" in "node_modules/@fluentui/react-carousel/lib/components/CarouselNav/CarouselNav.js" was ignored.
node_modules/@fluentui/react-carousel/lib/components/CarouselNavImageButton/useCarouselNavImageButtonStyles.styles.js (1:0): Module level directives cause errors when bundled, "use client" in "node_modules/@fluentui/react-carousel/lib/components/CarouselNavImageButton/useCarouselNavImageButtonStyles.styles.js" was ignored.
node_modules/@fluentui/react-carousel/lib/components/CarouselNav/useCarouselNavStyles.styles.js (1:0): Module level directives cause errors when bundled, "use client" in "node_modules/@fluentui/react-carousel/lib/components/CarouselNav/useCarouselNavStyles.styles.js" was ignored.
node_modules/@fluentui/react-carousel/lib/components/CarouselViewport/useCarouselViewportStyles.styles.js (1:0): Module level directives cause errors when bundled, "use client" in "node_modules/@fluentui/react-carousel/lib/components/CarouselViewport/useCarouselViewportStyles.styles.js" was ignored.
node_modules/@fluentui/react-carousel/lib/components/CarouselNavContainer/useCarouselNavContainerStyles.styles.js (1:0): Module level directives cause errors when bundled, "use client" in "node_modules/@fluentui/react-carousel/lib/components/CarouselNavContainer/useCarouselNavContainerStyles.styles.js" was ignored.
node_modules/@fluentui/react-carousel/lib/components/CarouselViewport/CarouselViewport.js (1:0): Module level directives cause errors when bundled, "use client" in "node_modules/@fluentui/react-carousel/lib/components/CarouselViewport/CarouselViewport.js" was ignored.
node_modules/@fluentui/react-carousel/lib/components/CarouselViewport/useCarouselViewport.js (1:0): Module level directives cause errors when bundled, "use client" in "node_modules/@fluentui/react-carousel/lib/components/CarouselViewport/useCarouselViewport.js" was ignored.
node_modules/@fluentui/react-carousel/lib/components/CarouselSlider/useCarouselSlider.js (1:0): Module level directives cause errors when bundled, "use client" in "node_modules/@fluentui/react-carousel/lib/components/CarouselSlider/useCarouselSlider.js" was ignored.
node_modules/@fluentui/react-carousel/lib/components/CarouselSlider/CarouselSlider.js (1:0): Module level directives cause errors when bundled, "use client" in "node_modules/@fluentui/react-carousel/lib/components/CarouselSlider/CarouselSlider.js" was ignored.
node_modules/@fluentui/react-carousel/lib/components/CarouselSlider/useCarouselSliderStyles.styles.js (1:0): Module level directives cause errors when bundled, "use client" in "node_modules/@fluentui/react-carousel/lib/components/CarouselSlider/useCarouselSliderStyles.styles.js" was ignored.
node_modules/@fluentui/react-color-picker/lib/components/ColorSlider/ColorSlider.js (1:0): Module level directives cause errors when bundled, "use client" in "node_modules/@fluentui/react-color-picker/lib/components/ColorSlider/ColorSlider.js" was ignored.
node_modules/@fluentui/react-color-picker/lib/components/ColorSlider/useColorSlider.js (1:0): Module level directives cause errors when bundled, "use client" in "node_modules/@fluentui/react-color-picker/lib/components/ColorSlider/useColorSlider.js" was ignored.
node_modules/@fluentui/react-color-picker/lib/components/AlphaSlider/AlphaSlider.js (1:0): Module level directives cause errors when bundled, "use client" in "node_modules/@fluentui/react-color-picker/lib/components/AlphaSlider/AlphaSlider.js" was ignored.
node_modules/@fluentui/react-color-picker/lib/components/ColorSlider/useColorSliderStyles.styles.js (1:0): Module level directives cause errors when bundled, "use client" in "node_modules/@fluentui/react-color-picker/lib/components/ColorSlider/useColorSliderStyles.styles.js" was ignored.
node_modules/@fluentui/react-color-picker/lib/components/AlphaSlider/useAlphaSlider.js (1:0): Module level directives cause errors when bundled, "use client" in "node_modules/@fluentui/react-color-picker/lib/components/AlphaSlider/useAlphaSlider.js" was ignored.
node_modules/@fluentui/react-color-picker/lib/components/AlphaSlider/useAlphaSliderStyles.styles.js (1:0): Module level directives cause errors when bundled, "use client" in "node_modules/@fluentui/react-color-picker/lib/components/AlphaSlider/useAlphaSliderStyles.styles.js" was ignored.
node_modules/@fluentui/react-color-picker/lib/components/ColorArea/ColorArea.js (1:0): Module level directives cause errors when bundled, "use client" in "node_modules/@fluentui/react-color-picker/lib/components/ColorArea/ColorArea.js" was ignored.
node_modules/@fluentui/react-color-picker/lib/components/ColorArea/useColorArea.js (1:0): Module level directives cause errors when bundled, "use client" in "node_modules/@fluentui/react-color-picker/lib/components/ColorArea/useColorArea.js" was ignored.
node_modules/@fluentui/react-color-picker/lib/components/ColorPicker/ColorPicker.js (1:0): Module level directives cause errors when bundled, "use client" in "node_modules/@fluentui/react-color-picker/lib/components/ColorPicker/ColorPicker.js" was ignored.
node_modules/@fluentui/react-color-picker/lib/components/ColorPicker/useColorPicker.js (1:0): Module level directives cause errors when bundled, "use client" in "node_modules/@fluentui/react-color-picker/lib/components/ColorPicker/useColorPicker.js" was ignored.
node_modules/@fluentui/react-color-picker/lib/components/ColorArea/useColorAreaStyles.styles.js (1:0): Module level directives cause errors when bundled, "use client" in "node_modules/@fluentui/react-color-picker/lib/components/ColorArea/useColorAreaStyles.styles.js" was ignored.
node_modules/@fluentui/react-nav/lib/components/NavDrawerFooter/useNavDrawerFooter.js (1:0): Module level directives cause errors when bundled, "use client" in "node_modules/@fluentui/react-nav/lib/components/NavDrawerFooter/useNavDrawerFooter.js" was ignored.
node_modules/@fluentui/react-nav/lib/components/sharedNavStyles.styles.js (1:0): Module level directives cause errors when bundled, "use client" in "node_modules/@fluentui/react-nav/lib/components/sharedNavStyles.styles.js" was ignored.
node_modules/@fluentui/react-color-picker/lib/components/ColorPicker/useColorPickerStyles.styles.js (1:0): Module level directives cause errors when bundled, "use client" in "node_modules/@fluentui/react-color-picker/lib/components/ColorPicker/useColorPickerStyles.styles.js" was ignored.
node_modules/@fluentui/react-nav/lib/components/NavDrawer/NavDrawer.js (1:0): Module level directives cause errors when bundled, "use client" in "node_modules/@fluentui/react-nav/lib/components/NavDrawer/NavDrawer.js" was ignored.
node_modules/@fluentui/react-nav/lib/components/NavDrawerFooter/NavDrawerFooter.js (1:0): Module level directives cause errors when bundled, "use client" in "node_modules/@fluentui/react-nav/lib/components/NavDrawerFooter/NavDrawerFooter.js" was ignored.
node_modules/@fluentui/react-nav/lib/components/NavDrawerFooter/useNavDrawerFooterStyles.styles.js (1:0): Module level directives cause errors when bundled, "use client" in "node_modules/@fluentui/react-nav/lib/components/NavDrawerFooter/useNavDrawerFooterStyles.styles.js" was ignored.
node_modules/@fluentui/react-nav/lib/components/NavDrawer/useNavDrawerStyles.styles.js (1:0): Module level directives cause errors when bundled, "use client" in "node_modules/@fluentui/react-nav/lib/components/NavDrawer/useNavDrawerStyles.styles.js" was ignored.
node_modules/@fluentui/react-nav/lib/components/NavDrawerHeader/NavDrawerHeader.js (1:0): Module level directives cause errors when bundled, "use client" in "node_modules/@fluentui/react-nav/lib/components/NavDrawerHeader/NavDrawerHeader.js" was ignored.
node_modules/@fluentui/react-nav/lib/components/NavDrawer/useNavDrawer.js (1:0): Module level directives cause errors when bundled, "use client" in "node_modules/@fluentui/react-nav/lib/components/NavDrawer/useNavDrawer.js" was ignored.
node_modules/@fluentui/react-nav/lib/components/NavDrawerHeader/useNavDrawerHeaderStyles.styles.js (1:0): Module level directives cause errors when bundled, "use client" in "node_modules/@fluentui/react-nav/lib/components/NavDrawerHeader/useNavDrawerHeaderStyles.styles.js" was ignored.
node_modules/@fluentui/react-nav/lib/components/NavDrawerHeader/useNavDrawerHeader.js (1:0): Module level directives cause errors when bundled, "use client" in "node_modules/@fluentui/react-nav/lib/components/NavDrawerHeader/useNavDrawerHeader.js" was ignored.
node_modules/@fluentui/react-nav/lib/components/AppItem/useAppItem.js (1:0): Module level directives cause errors when bundled, "use client" in "node_modules/@fluentui/react-nav/lib/components/AppItem/useAppItem.js" was ignored.
node_modules/@fluentui/react-nav/lib/components/NavDrawerBody/useNavDrawerBody.js (1:0): Module level directives cause errors when bundled, "use client" in "node_modules/@fluentui/react-nav/lib/components/NavDrawerBody/useNavDrawerBody.js" was ignored.
node_modules/@fluentui/react-nav/lib/components/NavDrawerBody/NavDrawerBody.js (1:0): Module level directives cause errors when bundled, "use client" in "node_modules/@fluentui/react-nav/lib/components/NavDrawerBody/NavDrawerBody.js" was ignored.
node_modules/@fluentui/react-nav/lib/components/AppItem/useAppItemStyles.styles.js (1:0): Module level directives cause errors when bundled, "use client" in "node_modules/@fluentui/react-nav/lib/components/AppItem/useAppItemStyles.styles.js" was ignored.
node_modules/@fluentui/react-nav/lib/components/NavDivider/NavDivider.js (1:0): Module level directives cause errors when bundled, "use client" in "node_modules/@fluentui/react-nav/lib/components/NavDivider/NavDivider.js" was ignored.
node_modules/@fluentui/react-nav/lib/components/NavDrawerBody/useNavDrawerBodyStyles.styles.js (1:0): Module level directives cause errors when bundled, "use client" in "node_modules/@fluentui/react-nav/lib/components/NavDrawerBody/useNavDrawerBodyStyles.styles.js" was ignored.
node_modules/@fluentui/react-nav/lib/components/NavDivider/useNavDividerStyles.styles.js (1:0): Module level directives cause errors when bundled, "use client" in "node_modules/@fluentui/react-nav/lib/components/NavDivider/useNavDividerStyles.styles.js" was ignored.
node_modules/@fluentui/react-nav/lib/components/NavDivider/useNavDivider.js (1:0): Module level directives cause errors when bundled, "use client" in "node_modules/@fluentui/react-nav/lib/components/NavDivider/useNavDivider.js" was ignored.
node_modules/@fluentui/react-nav/lib/components/Hamburger/Hamburger.js (1:0): Module level directives cause errors when bundled, "use client" in "node_modules/@fluentui/react-nav/lib/components/Hamburger/Hamburger.js" was ignored.
node_modules/@fluentui/react-nav/lib/components/Hamburger/useHamburgerStyles.styles.js (1:0): Module level directives cause errors when bundled, "use client" in "node_modules/@fluentui/react-nav/lib/components/Hamburger/useHamburgerStyles.styles.js" was ignored.
node_modules/@fluentui/react-nav/lib/components/AppItemStatic/AppItemStatic.js (1:0): Module level directives cause errors when bundled, "use client" in "node_modules/@fluentui/react-nav/lib/components/AppItemStatic/AppItemStatic.js" was ignored.
node_modules/@fluentui/react-nav/lib/components/AppItem/AppItem.js (1:0): Module level directives cause errors when bundled, "use client" in "node_modules/@fluentui/react-nav/lib/components/AppItem/AppItem.js" was ignored.
node_modules/@fluentui/react-nav/lib/components/AppItemStatic/useAppItemStatic.js (1:0): Module level directives cause errors when bundled, "use client" in "node_modules/@fluentui/react-nav/lib/components/AppItemStatic/useAppItemStatic.js" was ignored.
node_modules/@fluentui/react-nav/lib/components/AppItemStatic/useAppItemStaticStyles.styles.js (1:0): Module level directives cause errors when bundled, "use client" in "node_modules/@fluentui/react-nav/lib/components/AppItemStatic/useAppItemStaticStyles.styles.js" was ignored.
node_modules/@fluentui/react-carousel/lib/components/CarouselButton/CarouselButton.js (1:0): Module level directives cause errors when bundled, "use client" in "node_modules/@fluentui/react-carousel/lib/components/CarouselButton/CarouselButton.js" was ignored.
node_modules/@fluentui/react-carousel/lib/components/CarouselButton/useCarouselButtonStyles.styles.js (1:0): Module level directives cause errors when bundled, "use client" in "node_modules/@fluentui/react-carousel/lib/components/CarouselButton/useCarouselButtonStyles.styles.js" was ignored.
node_modules/@fluentui/react-carousel/lib/components/CarouselButton/useCarouselButton.js (1:0): Module level directives cause errors when bundled, "use client" in "node_modules/@fluentui/react-carousel/lib/components/CarouselButton/useCarouselButton.js" was ignored.
node_modules/@fluentui/react-nav/lib/components/SplitNavItem/useSplitNavItem.js (1:0): Module level directives cause errors when bundled, "use client" in "node_modules/@fluentui/react-nav/lib/components/SplitNavItem/useSplitNavItem.js" was ignored.
node_modules/@fluentui/react-nav/lib/components/SplitNavItem/SplitNavItem.js (1:0): Module level directives cause errors when bundled, "use client" in "node_modules/@fluentui/react-nav/lib/components/SplitNavItem/SplitNavItem.js" was ignored.
node_modules/@fluentui/react-teaching-popover/lib/components/TeachingPopoverCarouselPageCount/TeachingPopoverCarouselPageCount.js (1:0): Module level directives cause errors when bundled, "use client" in "node_modules/@fluentui/react-teaching-popover/lib/components/TeachingPopoverCarouselPageCount/TeachingPopoverCarouselPageCount.js" was ignored.
node_modules/@fluentui/react-teaching-popover/lib/components/TeachingPopoverCarouselPageCount/useTeachingPopoverCarouselPageCount.js (1:0): Module level directives cause errors when bundled, "use client" in "node_modules/@fluentui/react-teaching-popover/lib/components/TeachingPopoverCarouselPageCount/useTeachingPopoverCarouselPageCount.js" was ignored.
node_modules/@fluentui/react-teaching-popover/lib/components/TeachingPopoverCarouselPageCount/useTeachingPopoverCarouselPageCountStyles.styles.js (1:0): Module level directives cause errors when bundled, "use client" in "node_modules/@fluentui/react-teaching-popover/lib/components/TeachingPopoverCarouselPageCount/useTeachingPopoverCarouselPageCountStyles.styles.js" was ignored.
node_modules/@fluentui/react-nav/lib/components/SplitNavItem/useSplitNavItemStyles.styles.js (1:0): Module level directives cause errors when bundled, "use client" in "node_modules/@fluentui/react-nav/lib/components/SplitNavItem/useSplitNavItemStyles.styles.js" was ignored.
node_modules/@fluentui/react-nav/lib/components/NavSectionHeader/NavSectionHeader.js (1:0): Module level directives cause errors when bundled, "use client" in "node_modules/@fluentui/react-nav/lib/components/NavSectionHeader/NavSectionHeader.js" was ignored.
node_modules/@fluentui/react-list/lib/components/ListItem/ListItem.js (1:0): Module level directives cause errors when bundled, "use client" in "node_modules/@fluentui/react-list/lib/components/ListItem/ListItem.js" was ignored.
node_modules/@fluentui/react-nav/lib/components/Hamburger/useHamburger.js (1:0): Module level directives cause errors when bundled, "use client" in "node_modules/@fluentui/react-nav/lib/components/Hamburger/useHamburger.js" was ignored.
node_modules/@fluentui/react-list/lib/components/ListItem/useListItemStyles.styles.js (1:0): Module level directives cause errors when bundled, "use client" in "node_modules/@fluentui/react-list/lib/components/ListItem/useListItemStyles.styles.js" was ignored.
node_modules/@fluentui/react-list/lib/components/List/useListStyles.styles.js (1:0): Module level directives cause errors when bundled, "use client" in "node_modules/@fluentui/react-list/lib/components/List/useListStyles.styles.js" was ignored.
node_modules/@fluentui/react-list/lib/components/ListItem/useListItem.js (1:0): Module level directives cause errors when bundled, "use client" in "node_modules/@fluentui/react-list/lib/components/ListItem/useListItem.js" was ignored.
node_modules/@fluentui/react-nav/lib/components/NavSectionHeader/useNavSectionHeaderStyles.styles.js (1:0): Module level directives cause errors when bundled, "use client" in "node_modules/@fluentui/react-nav/lib/components/NavSectionHeader/useNavSectionHeaderStyles.styles.js" was ignored.
node_modules/@fluentui/react-list/lib/components/List/List.js (1:0): Module level directives cause errors when bundled, "use client" in "node_modules/@fluentui/react-list/lib/components/List/List.js" was ignored.
node_modules/@fluentui/react-positioning/lib/usePositioningOptions.js (1:0): Module level directives cause errors when bundled, "use client" in "node_modules/@fluentui/react-positioning/lib/usePositioningOptions.js" was ignored.
node_modules/@fluentui/react-provider/lib/components/FluentProvider/useFluentProviderThemeStyleTag.js (1:0): Module level directives cause errors when bundled, "use client" in "node_modules/@fluentui/react-provider/lib/components/FluentProvider/useFluentProviderThemeStyleTag.js" was ignored.
node_modules/@fluentui/react-tree/lib/components/FlatTree/useFlatTree.js (1:0): Module level directives cause errors when bundled, "use client" in "node_modules/@fluentui/react-tree/lib/components/FlatTree/useFlatTree.js" was ignored.
node_modules/@fluentui/react-tag-picker/lib/components/TagPicker/useTagPicker.js (1:0): Module level directives cause errors when bundled, "use client" in "node_modules/@fluentui/react-tag-picker/lib/components/TagPicker/useTagPicker.js" was ignored.
node_modules/@fluentui/react-dialog/lib/components/Dialog/useDialog.js (1:0): Module level directives cause errors when bundled, "use client" in "node_modules/@fluentui/react-dialog/lib/components/Dialog/useDialog.js" was ignored.
node_modules/@fluentui/react-textarea/lib/components/Textarea/useTextarea.js (1:0): Module level directives cause errors when bundled, "use client" in "node_modules/@fluentui/react-textarea/lib/components/Textarea/useTextarea.js" was ignored.
node_modules/@fluentui/react-tabster/lib/hooks/useTabster.js (1:0): Module level directives cause errors when bundled, "use client" in "node_modules/@fluentui/react-tabster/lib/hooks/useTabster.js" was ignored.
node_modules/@fluentui/react-popover/lib/components/Popover/usePopover.js (1:0): Module level directives cause errors when bundled, "use client" in "node_modules/@fluentui/react-popover/lib/components/Popover/usePopover.js" was ignored.
node_modules/@fluentui/react-tree/lib/components/Tree/useTree.js (1:0): Module level directives cause errors when bundled, "use client" in "node_modules/@fluentui/react-tree/lib/components/Tree/useTree.js" was ignored.
node_modules/@fluentui/react-avatar/lib/components/AvatarGroupItem/useAvatarGroupItem.js (1:0): Module level directives cause errors when bundled, "use client" in "node_modules/@fluentui/react-avatar/lib/components/AvatarGroupItem/useAvatarGroupItem.js" was ignored.
node_modules/@fluentui/react-input/lib/components/Input/useInput.js (1:0): Module level directives cause errors when bundled, "use client" in "node_modules/@fluentui/react-input/lib/components/Input/useInput.js" was ignored.
node_modules/@fluentui/react-context-selector/lib/createContext.js (1:0): Module level directives cause errors when bundled, "use client" in "node_modules/@fluentui/react-context-selector/lib/createContext.js" was ignored.
node_modules/@fluentui/react-menu/lib/components/Menu/useMenu.js (1:0): Module level directives cause errors when bundled, "use client" in "node_modules/@fluentui/react-menu/lib/components/Menu/useMenu.js" was ignored.
node_modules/@fluentui/react-provider/lib/components/FluentProvider/useFluentProvider.js (1:0): Module level directives cause errors when bundled, "use client" in "node_modules/@fluentui/react-provider/lib/components/FluentProvider/useFluentProvider.js" was ignored.
node_modules/@fluentui/react-tree/lib/components/TreeItem/useTreeItem.js (1:0): Module level directives cause errors when bundled, "use client" in "node_modules/@fluentui/react-tree/lib/components/TreeItem/useTreeItem.js" was ignored.
node_modules/@fluentui/react-combobox/lib/components/Combobox/useCombobox.js (1:0): Module level directives cause errors when bundled, "use client" in "node_modules/@fluentui/react-combobox/lib/components/Combobox/useCombobox.js" was ignored.
node_modules/@fluentui/react-combobox/lib/components/Dropdown/useDropdown.js (1:0): Module level directives cause errors when bundled, "use client" in "node_modules/@fluentui/react-combobox/lib/components/Dropdown/useDropdown.js" was ignored.
node_modules/@fluentui/react-tabs/lib/components/TabList/useTabList.js (1:0): Module level directives cause errors when bundled, "use client" in "node_modules/@fluentui/react-tabs/lib/components/TabList/useTabList.js" was ignored.
node_modules/@fluentui/react-list/lib/components/List/useList.js (1:0): Module level directives cause errors when bundled, "use client" in "node_modules/@fluentui/react-list/lib/components/List/useList.js" was ignored.
node_modules/@fluentui/react-tree/lib/components/TreeItemLayout/useTreeItemLayout.js (1:0): Module level directives cause errors when bundled, "use client" in "node_modules/@fluentui/react-tree/lib/components/TreeItemLayout/useTreeItemLayout.js" was ignored.
node_modules/@fluentui/react-menu/lib/components/MenuItem/useCharacterSearch.js (1:0): Module level directives cause errors when bundled, "use client" in "node_modules/@fluentui/react-menu/lib/components/MenuItem/useCharacterSearch.js" was ignored.
node_modules/@fluentui/react-menu/lib/contexts/menuSplitGroupContext.js (1:0): Module level directives cause errors when bundled, "use client" in "node_modules/@fluentui/react-menu/lib/contexts/menuSplitGroupContext.js" was ignored.
node_modules/@fluentui/react-menu/lib/components/MenuSplitGroup/useMenuSplitGroupContextValues.js (1:0): Module level directives cause errors when bundled, "use client" in "node_modules/@fluentui/react-menu/lib/components/MenuSplitGroup/useMenuSplitGroupContextValues.js" was ignored.
node_modules/@fluentui/react-portal/lib/components/Portal/usePortalMountNodeStyles.styles.js (1:0): Module level directives cause errors when bundled, "use client" in "node_modules/@fluentui/react-portal/lib/components/Portal/usePortalMountNodeStyles.styles.js" was ignored.
node_modules/@fluentui/react-text/lib/components/presets/createPreset.js (1:0): Module level directives cause errors when bundled, "use client" in "node_modules/@fluentui/react-text/lib/components/presets/createPreset.js" was ignored.
node_modules/@fluentui/react-tooltip/lib/components/Tooltip/private/useTooltipTimeout.js (1:0): Module level directives cause errors when bundled, "use client" in "node_modules/@fluentui/react-tooltip/lib/components/Tooltip/private/useTooltipTimeout.js" was ignored.
node_modules/@fluentui/react-dialog/lib/utils/useDisableBodyScroll.js (1:0): Module level directives cause errors when bundled, "use client" in "node_modules/@fluentui/react-dialog/lib/utils/useDisableBodyScroll.js" was ignored.
node_modules/@fluentui/react-card/lib/components/Card/useCardSelectable.js (1:0): Module level directives cause errors when bundled, "use client" in "node_modules/@fluentui/react-card/lib/components/Card/useCardSelectable.js" was ignored.
node_modules/@fluentui/react-table/lib/components/Table/useTableContextValues.js (1:0): Module level directives cause errors when bundled, "use client" in "node_modules/@fluentui/react-table/lib/components/Table/useTableContextValues.js" was ignored.
node_modules/@fluentui/react-table/lib/components/TableCellLayout/useTableCellLayoutContextValues.js (1:0): Module level directives cause errors when bundled, "use client" in "node_modules/@fluentui/react-table/lib/components/TableCellLayout/useTableCellLayoutContextValues.js" was ignored.
node_modules/@fluentui/react-toast/lib/components/Toaster/useToasterFocusManagement.js (1:0): Module level directives cause errors when bundled, "use client" in "node_modules/@fluentui/react-toast/lib/components/Toaster/useToasterFocusManagement.js" was ignored.
node_modules/@fluentui/react-toast/lib/components/Timer/Timer.js (1:0): Module level directives cause errors when bundled, "use client" in "node_modules/@fluentui/react-toast/lib/components/Timer/Timer.js" was ignored.
node_modules/@fluentui/react-tree/lib/components/TreeItemPersonaLayout/useTreeItemPersonaLayoutContextValues.js (1:0): Module level directives cause errors when bundled, "use client" in "node_modules/@fluentui/react-tree/lib/components/TreeItemPersonaLayout/useTreeItemPersonaLayoutContextValues.js" was ignored.
node_modules/@fluentui/react-drawer/lib/shared/useDrawerBaseStyles.styles.js (1:0): Module level directives cause errors when bundled, "use client" in "node_modules/@fluentui/react-drawer/lib/shared/useDrawerBaseStyles.styles.js" was ignored.
node_modules/@fluentui/react-tag-picker/lib/components/TagPicker/useTagPickerContextValues.js (1:0): Module level directives cause errors when bundled, "use client" in "node_modules/@fluentui/react-tag-picker/lib/components/TagPicker/useTagPickerContextValues.js" was ignored.
node_modules/@fluentui/react-tag-picker/lib/utils/useResizeObserverRef.js (1:0): Module level directives cause errors when bundled, "use client" in "node_modules/@fluentui/react-tag-picker/lib/utils/useResizeObserverRef.js" was ignored.
node_modules/@fluentui/react-tag-picker/lib/utils/useExpandLabel.js (1:0): Module level directives cause errors when bundled, "use client" in "node_modules/@fluentui/react-tag-picker/lib/utils/useExpandLabel.js" was ignored.
node_modules/@fluentui/react-teaching-popover/lib/components/TeachingPopoverCarousel/Carousel/CarouselContext.js (1:0): Module level directives cause errors when bundled, "use client" in "node_modules/@fluentui/react-teaching-popover/lib/components/TeachingPopoverCarousel/Carousel/CarouselContext.js" was ignored.
node_modules/@fluentui/react-teaching-popover/lib/components/TeachingPopoverCarousel/Carousel/useCarouselValues.js (1:0): Module level directives cause errors when bundled, "use client" in "node_modules/@fluentui/react-teaching-popover/lib/components/TeachingPopoverCarousel/Carousel/useCarouselValues.js" was ignored.
node_modules/@fluentui/react-teaching-popover/lib/components/TeachingPopoverCarouselNav/valueIdContext.js (1:0): Module level directives cause errors when bundled, "use client" in "node_modules/@fluentui/react-teaching-popover/lib/components/TeachingPopoverCarouselNav/valueIdContext.js" was ignored.
node_modules/@fluentui/react-teaching-popover/lib/components/TeachingPopoverCarousel/Carousel/CarouselItem/Carouseltem.js (1:0): Module level directives cause errors when bundled, "use client" in "node_modules/@fluentui/react-teaching-popover/lib/components/TeachingPopoverCarousel/Carousel/CarouselItem/Carouseltem.js" was ignored.
node_modules/@fluentui/react-carousel/lib/components/CarouselNav/CarouselNavIndexContext.js (1:0): Module level directives cause errors when bundled, "use client" in "node_modules/@fluentui/react-carousel/lib/components/CarouselNav/CarouselNavIndexContext.js" was ignored.
node_modules/@fluentui/react-carousel/lib/components/CarouselNav/CarouselNavContext.js (1:0): Module level directives cause errors when bundled, "use client" in "node_modules/@fluentui/react-carousel/lib/components/CarouselNav/CarouselNavContext.js" was ignored.
node_modules/@fluentui/react-carousel/lib/components/CarouselSlider/CarouselSliderContext.js (1:0): Module level directives cause errors when bundled, "use client" in "node_modules/@fluentui/react-carousel/lib/components/CarouselSlider/CarouselSliderContext.js" was ignored.
node_modules/@fluentui/react-carousel/lib/components/Carousel/useCarouselContextValues.js (1:0): Module level directives cause errors when bundled, "use client" in "node_modules/@fluentui/react-carousel/lib/components/Carousel/useCarouselContextValues.js" was ignored.
node_modules/@fluentui/react-carousel/lib/components/CarouselNav/useCarouselNavContextValues.js (1:0): Module level directives cause errors when bundled, "use client" in "node_modules/@fluentui/react-carousel/lib/components/CarouselNav/useCarouselNavContextValues.js" was ignored.
node_modules/@fluentui/react-carousel/lib/components/useEmblaCarousel.js (1:0): Module level directives cause errors when bundled, "use client" in "node_modules/@fluentui/react-carousel/lib/components/useEmblaCarousel.js" was ignored.
node_modules/@fluentui/react-carousel/lib/components/CarouselSlider/useCarouselSliderContextValues.js (1:0): Module level directives cause errors when bundled, "use client" in "node_modules/@fluentui/react-carousel/lib/components/CarouselSlider/useCarouselSliderContextValues.js" was ignored.
node_modules/@fluentui/react-color-picker/lib/contexts/colorPicker.js (1:0): Module level directives cause errors when bundled, "use client" in "node_modules/@fluentui/react-color-picker/lib/contexts/colorPicker.js" was ignored.
node_modules/@fluentui/react-color-picker/lib/components/AlphaSlider/useAlphaSliderState.js (1:0): Module level directives cause errors when bundled, "use client" in "node_modules/@fluentui/react-color-picker/lib/components/AlphaSlider/useAlphaSliderState.js" was ignored.
node_modules/@fluentui/react-color-picker/lib/components/ColorPicker/useColorPickerContextValues.js (1:0): Module level directives cause errors when bundled, "use client" in "node_modules/@fluentui/react-color-picker/lib/components/ColorPicker/useColorPickerContextValues.js" was ignored.
node_modules/@fluentui/react-list/lib/components/List/listContext.js (1:0): Module level directives cause errors when bundled, "use client" in "node_modules/@fluentui/react-list/lib/components/List/listContext.js" was ignored.
node_modules/@fluentui/react-list/lib/components/List/useListContextValues.js (1:0): Module level directives cause errors when bundled, "use client" in "node_modules/@fluentui/react-list/lib/components/List/useListContextValues.js" was ignored.
node_modules/@fluentui/react-message-bar/lib/components/MessageBar/useMessageBarReflow.js (1:0): Module level directives cause errors when bundled, "use client" in "node_modules/@fluentui/react-message-bar/lib/components/MessageBar/useMessageBarReflow.js" was ignored.
node_modules/@fluentui/react-teaching-popover/lib/components/TeachingPopoverCarousel/Carousel/Carousel.js (1:0): Module level directives cause errors when bundled, "use client" in "node_modules/@fluentui/react-teaching-popover/lib/components/TeachingPopoverCarousel/Carousel/Carousel.js" was ignored.
node_modules/@fluentui/react-tree/lib/hooks/useSubtree.js (1:0): Module level directives cause errors when bundled, "use client" in "node_modules/@fluentui/react-tree/lib/hooks/useSubtree.js" was ignored.
node_modules/@fluentui/react-tree/lib/components/Tree/useNestedControllableCheckedItems.js (1:0): Module level directives cause errors when bundled, "use client" in "node_modules/@fluentui/react-tree/lib/components/Tree/useNestedControllableCheckedItems.js" was ignored.
node_modules/@fluentui/react-combobox/lib/utils/useComboboxPositioning.js (1:0): Module level directives cause errors when bundled, "use client" in "node_modules/@fluentui/react-combobox/lib/utils/useComboboxPositioning.js" was ignored.
node_modules/@fluentui/react-list/lib/hooks/useListSelection.js (1:0): Module level directives cause errors when bundled, "use client" in "node_modules/@fluentui/react-list/lib/hooks/useListSelection.js" was ignored.
node_modules/@fluentui/react-tree/lib/components/TreeItemChevron.js (1:0): Module level directives cause errors when bundled, "use client" in "node_modules/@fluentui/react-tree/lib/components/TreeItemChevron.js" was ignored.
node_modules/@fluentui/react-dialog/lib/utils/useDisableBodyScroll.styles.js (1:0): Module level directives cause errors when bundled, "use client" in "node_modules/@fluentui/react-dialog/lib/utils/useDisableBodyScroll.styles.js" was ignored.
node_modules/@fluentui/react-toast/lib/components/AriaLive/AriaLive.js (1:0): Module level directives cause errors when bundled, "use client" in "node_modules/@fluentui/react-toast/lib/components/AriaLive/AriaLive.js" was ignored.
node_modules/@fluentui/react-toast/lib/components/AriaLive/useAriaLiveStyles.styles.js (1:0): Module level directives cause errors when bundled, "use client" in "node_modules/@fluentui/react-toast/lib/components/AriaLive/useAriaLiveStyles.styles.js" was ignored.
node_modules/@fluentui/react-toast/lib/components/AriaLive/useAriaLive.js (1:0): Module level directives cause errors when bundled, "use client" in "node_modules/@fluentui/react-toast/lib/components/AriaLive/useAriaLive.js" was ignored.
node_modules/@fluentui/react-drawer/lib/components/OverlayDrawer/OverlayDrawerSurface/OverlayDrawerSurface.js (1:0): Module level directives cause errors when bundled, "use client" in "node_modules/@fluentui/react-drawer/lib/components/OverlayDrawer/OverlayDrawerSurface/OverlayDrawerSurface.js" was ignored.
node_modules/@fluentui/react-toast/lib/components/Timer/useTimerStyles.styles.js (1:0): Module level directives cause errors when bundled, "use client" in "node_modules/@fluentui/react-toast/lib/components/Timer/useTimerStyles.styles.js" was ignored.
node_modules/@fluentui/react-teaching-popover/lib/components/TeachingPopoverCarousel/Carousel/CarouselItem/useCarouselItem.js (1:0): Module level directives cause errors when bundled, "use client" in "node_modules/@fluentui/react-teaching-popover/lib/components/TeachingPopoverCarousel/Carousel/CarouselItem/useCarouselItem.js" was ignored.
node_modules/@fluentui/react-motion-components-preview/lib/choreography/Stagger/Stagger.js (1:0): Module level directives cause errors when bundled, "use client" in "node_modules/@fluentui/react-motion-components-preview/lib/choreography/Stagger/Stagger.js" was ignored.
node_modules/@fluentui/react-tree/lib/hooks/useRootTree.js (1:0): Module level directives cause errors when bundled, "use client" in "node_modules/@fluentui/react-tree/lib/hooks/useRootTree.js" was ignored.
node_modules/@fluentui/react-teaching-popover/lib/components/TeachingPopoverCarousel/Carousel/useCarouselWalker.js (1:0): Module level directives cause errors when bundled, "use client" in "node_modules/@fluentui/react-teaching-popover/lib/components/TeachingPopoverCarousel/Carousel/useCarouselWalker.js" was ignored.
node_modules/@fluentui/react-drawer/lib/components/OverlayDrawer/OverlayDrawerSurface/useOverlayDrawerSurfaceStyles.styles.js (1:0): Module level directives cause errors when bundled, "use client" in "node_modules/@fluentui/react-drawer/lib/components/OverlayDrawer/OverlayDrawerSurface/useOverlayDrawerSurfaceStyles.styles.js" was ignored.
node_modules/@fluentui/react-motion-components-preview/lib/choreography/Stagger/useStaggerItemsVisibility.js (1:0): Module level directives cause errors when bundled, "use client" in "node_modules/@fluentui/react-motion-components-preview/lib/choreography/Stagger/useStaggerItemsVisibility.js" was ignored.
node_modules/@fluentui/react-dialog/lib/utils/useFocusFirstElement.js (1:0): Module level directives cause errors when bundled, "use client" in "node_modules/@fluentui/react-dialog/lib/utils/useFocusFirstElement.js" was ignored.

The language 'promql' is not loaded, falling back to 'txt' for syntax highlighting.

(!) Some chunks are larger than 500 kB after minification. Consider:
- Using dynamic import() to code-split the application
- Use build.rollupOptions.output.manualChunks to improve chunking: https://rollupjs.org/configuration-options/#output-manualchunks
- Adjust chunk size limit for this warning via build.chunkSizeWarningLimit.

The language 'promql' is not loaded, falling back to 'txt' for syntax highlighting.
✓ building client + server bundles...
- rendering pages...
✓ rendering pages...
build complete in 57.33s.
